-- phpMyAdmin SQL Dump
-- version 4.4.15.5
-- http://www.phpmyadmin.net
--
-- Host: localhost:3306
-- Generation Time: May 02, 2017 at 05:59 AM
-- Server version: 5.5.49-log
-- PHP Version: 7.0.9

SET SQL_MODE = "NO_AUTO_VALUE_ON_ZERO";
SET time_zone = "+00:00";


/*!40101 SET @OLD_CHARACTER_SET_CLIENT=@@CHARACTER_SET_CLIENT */;
/*!40101 SET @OLD_CHARACTER_SET_RESULTS=@@CHARACTER_SET_RESULTS */;
/*!40101 SET @OLD_COLLATION_CONNECTION=@@COLLATION_CONNECTION */;
/*!40101 SET NAMES utf8mb4 */;

--
-- Database: `FIFA2014`
--

-- --------------------------------------------------------

--
-- Table structure for table `clubs`
--

CREATE TABLE IF NOT EXISTS `clubs` (
  `Club_ID` int(3) DEFAULT NULL,
  `Club_Country` varchar(22) DEFAULT NULL,
  `Club_Name` varchar(24) DEFAULT NULL
) ENGINE=InnoDB DEFAULT CHARSET=utf8;

--
-- Dumping data for table `clubs`
--

INSERT INTO `clubs` (`Club_ID`, `Club_Country`, `Club_Name`) VALUES
(0, 'Algeria', 'CS Constantine'),
(1, 'Algeria', 'USM Alger'),
(2, 'Argentina', 'River Plate'),
(3, 'Argentina', 'San Lorenzo'),
(4, 'Argentina', 'Boca Juniors'),
(5, 'Argentina', 'Newell''s Old Boys'),
(6, 'Australia', 'Brisbane Roar'),
(7, 'Australia', 'Melbourne Victory'),
(8, 'Australia', 'Western Sydney Wanderers'),
(9, 'Australia', 'Newcastle Jets'),
(10, 'Australia', 'Adelaide United'),
(11, 'Austria', 'Austria Wien'),
(12, 'Austria', 'Sturm Graz'),
(13, 'Belgium', 'Zulte Waregem'),
(14, 'Belgium', 'Club Brugge'),
(15, 'Belgium', 'Lokeren'),
(16, 'Belgium', 'Standard Li?ge'),
(17, 'Belgium', 'Anderlecht'),
(18, 'Belgium', 'Waasland-Beveren'),
(19, 'Belgium', 'Cercle Brugge'),
(20, 'Bosnia and Herzegovina', ' Banja Luka'),
(21, 'Brazil', 'Botafogo'),
(22, 'Brazil', 'Fluminense'),
(23, 'Brazil', 'Atl?tico Mineiro'),
(24, 'Brazil', 'Santos'),
(25, 'Brazil', 'Palmeiras'),
(26, 'Brazil', 'Internacional'),
(27, 'Brazil', 'S?o Paulo'),
(28, 'Brazil', 'Vasco da Gama'),
(29, 'Brazil', 'Flamengo'),
(30, 'Bulgaria', 'CSKA Sofia'),
(31, 'Cameroon', 'Coton Sport'),
(32, 'Canada', 'Toronto FC'),
(33, 'Canada', 'Vancouver Whitecaps FC'),
(34, 'Chile', 'Universidad Cat?lica'),
(35, 'Chile', 'Universidad de Chile'),
(36, 'Chile', 'Colo-Colo'),
(37, 'China', 'Shandong Luneng Taishan'),
(38, 'China', 'Qingdao Jonoon'),
(39, 'China', 'Guizhou Renhe'),
(40, 'China', 'Guangzhou Evergrande'),
(41, 'China', 'Beijing Guoan'),
(42, 'China', 'Guangzhou R&F'),
(43, 'Colombia', 'Santa Fe'),
(44, 'Colombia', 'Atl?tico Nacional'),
(45, 'Colombia', 'Deportivo Cali'),
(46, 'Costa Rica', 'Alajuelense'),
(47, 'Costa Rica', 'Saprissa'),
(48, 'Costa Rica', 'Herediano'),
(49, 'Costa Rica', 'Cartagin?s'),
(50, 'Croatia', 'Lokomotiva'),
(51, 'Croatia', 'Dinamo Zagreb'),
(52, 'Croatia', 'Hajduk Split'),
(53, 'Denmark', 'Copenhagen'),
(54, 'Ecuador', 'Emelec'),
(55, 'Ecuador', 'El Nacional'),
(56, 'Ecuador', 'LDU Quito'),
(57, 'England', 'Chelsea'),
(58, 'England', 'Manchester City'),
(59, 'England', 'Tottenham Hotspur'),
(60, 'England', 'Queens Park Rangers'),
(61, 'England', 'Southampton'),
(62, 'England', 'Hull City'),
(63, 'England', 'Manchester United'),
(64, 'England', 'Preston North End'),
(65, 'England', 'Crystal Palace'),
(66, 'England', 'Swindon Town'),
(67, 'England', 'Wigan Athletic'),
(68, 'England', 'Cardiff City'),
(69, 'England', 'Nottingham Forest'),
(70, 'England', 'Aston Villa'),
(71, 'England', 'Swansea City'),
(72, 'England', 'Norwich City'),
(73, 'England', 'Newcastle United'),
(74, 'England', 'Arsenal'),
(75, 'England', 'West Ham United'),
(76, 'England', 'Fulham'),
(77, 'England', 'Liverpool'),
(78, 'England', 'Everton'),
(79, 'England', 'West Bromwich Albion'),
(80, 'England', 'Stoke City'),
(81, 'England', 'Charlton Athletic'),
(82, 'England', 'Middlesbrough'),
(83, 'England', 'Sunderland'),
(84, 'England', 'Watford'),
(85, 'England', 'Leicester City'),
(86, 'England', 'Bolton Wanderers'),
(87, 'France', 'Paris Saint-Germain'),
(88, 'France', 'Marseille'),
(89, 'France', 'Bordeaux'),
(90, 'France', 'Nancy'),
(91, 'France', 'Lorient'),
(92, 'France', 'Rennes'),
(93, 'France', 'Lyon'),
(94, 'France', 'Lens'),
(95, 'France', 'Monaco'),
(96, 'France', 'Ajaccio'),
(97, 'France', 'Nice'),
(98, 'France', 'Toulouse'),
(99, 'France', 'Lille'),
(100, 'France', 'Saint-?tienne'),
(101, 'France', 'Montpellier'),
(102, 'France', 'Bastia'),
(103, 'France', 'Sochaux'),
(104, 'France', 'Valenciennes'),
(105, 'France', 'Evian'),
(106, 'France', 'Nantes'),
(107, 'France', 'Reims'),
(108, 'Germany', 'Bayern Munich'),
(109, 'Germany', 'VfL Wolfsburg'),
(110, 'Germany', 'Mainz 05'),
(111, 'Germany', 'Schalke 04'),
(112, 'Germany', 'Hamburger SV'),
(113, 'Germany', 'Bayer Leverkusen'),
(114, 'Germany', 'FSV Frankfurt'),
(115, 'Germany', 'Fortuna D?sseldorf'),
(116, 'Germany', 'Borussia Dortmund'),
(117, 'Germany', 'FC Augsburg'),
(118, 'Germany', 'Hertha BSC'),
(119, 'Germany', 'VfB Stuttgart'),
(120, 'Germany', 'Hannover 96'),
(121, 'Germany', 'Eintracht Frankfurt'),
(122, 'Germany', '1. FC N?rnberg'),
(123, 'Germany', '1860 Munich'),
(124, 'Germany', 'Borussia M?nchengladbach'),
(125, 'Germany', 'SC Freiburg'),
(126, 'Germany', 'Eintracht Braunschweig'),
(127, 'Germany', 'VfR Aalen'),
(128, 'Germany', '1899 Hoffenheim'),
(129, 'Ghana', 'Aduana Stars'),
(130, 'Greece', 'Panathinaikos'),
(131, 'Greece', 'Olympiacos'),
(132, 'Greece', 'PAOK'),
(133, 'Greece', 'Platanias'),
(134, 'Honduras', 'Real Espa?a'),
(135, 'Honduras', 'Motagua'),
(136, 'Honduras', 'Olimpia'),
(137, 'Hungary', 'Ferencv?ros'),
(138, 'Iran', 'Sepahan'),
(139, 'Iran', 'Esteghlal'),
(140, 'Iran', 'Persepolis'),
(141, 'Iran', 'Tractor Sazi'),
(142, 'Iran', 'Zob Ahan'),
(143, 'Iran', 'Naft Tehran'),
(144, 'Iran', 'Foolad'),
(145, 'Israel', 'Ashdod'),
(146, 'Israel', 'Hapoel Be''er Sheva'),
(147, 'Italy', 'Napoli'),
(148, 'Italy', 'Internazionale'),
(149, 'Italy', 'Roma'),
(150, 'Italy', 'Genoa'),
(151, 'Italy', 'Fiorentina'),
(152, 'Italy', 'Juventus'),
(153, 'Italy', 'Atalanta'),
(154, 'Italy', 'Cagliari'),
(155, 'Italy', 'Milan'),
(156, 'Italy', 'Hellas Verona'),
(157, 'Italy', 'Bologna'),
(158, 'Italy', 'Torino'),
(159, 'Italy', 'Lazio'),
(160, 'Italy', 'Parma'),
(161, 'Italy', 'Palermo'),
(162, 'Italy', 'Sassuolo'),
(163, 'Italy', 'Catania'),
(164, 'Italy', 'Sampdoria'),
(165, 'Italy', 'Udinese'),
(166, 'Italy', 'Livorno'),
(167, 'Ivory Coast', 'S?w? Sport'),
(168, 'Japan', 'FC Tokyo'),
(169, 'Japan', 'Gamba Osaka'),
(170, 'Japan', 'Cerezo Osaka'),
(171, 'Japan', 'Urawa Red Diamonds'),
(172, 'Japan', 'Kawasaki Frontale'),
(173, 'Japan', 'Sanfrecce Hiroshima'),
(174, 'Japan', 'Jubilo Iwata'),
(175, 'Japan', 'Yokohama F. Marinos'),
(176, 'Japan', 'Kashiwa Reysol'),
(177, 'Kuwait', 'Al-Kuwait'),
(178, 'Mexico', 'Cruz Azul'),
(179, 'Mexico', 'Am?rica'),
(180, 'Mexico', 'UANL'),
(181, 'Mexico', 'Le?n'),
(182, 'Mexico', 'Toluca'),
(183, 'Mexico', 'Santos Laguna'),
(184, 'Mexico', 'Morelia'),
(185, 'Mexico', 'Pachuca'),
(186, 'Mexico', 'Atlante'),
(187, 'Mexico', 'Tijuana'),
(188, 'Mexico', 'Monterrey'),
(189, 'Mexico', 'Puebla'),
(190, 'Netherlands', 'Heracles Almelo'),
(191, 'Netherlands', 'Utrecht'),
(192, 'Netherlands', 'Twente'),
(193, 'Netherlands', 'Ajax'),
(194, 'Netherlands', 'Feyenoord'),
(195, 'Netherlands', 'PSV'),
(196, 'Netherlands', 'Vitesse'),
(197, 'Netherlands', 'NEC'),
(198, 'Netherlands', 'Heerenveen'),
(199, 'Netherlands', 'AZ'),
(200, 'Nigeria', 'Enugu Rangers'),
(201, 'Nigeria', 'Warri Wolves'),
(202, 'Nigeria', 'Sunshine Stars'),
(203, 'Nigeria', 'Gombe United'),
(204, 'Norway', 'Stab?k'),
(205, 'Norway', 'Aalesund'),
(206, 'Norway', 'Rosenborg'),
(207, 'Norway', 'V?lerenga'),
(208, 'Norway', 'Str?msgodset'),
(209, 'Paraguay', 'Libertad'),
(210, 'Portugal', 'Porto'),
(211, 'Portugal', 'Benfica'),
(212, 'Portugal', 'Sporting CP'),
(213, 'Portugal', 'Sporting Covilh?'),
(214, 'Portugal', 'Braga'),
(215, 'Portugal', 'Acad?mica de Coimbra'),
(216, 'Qatar', 'Al-Gharafa'),
(217, 'Qatar', 'Umm Salal'),
(218, 'Qatar', 'Lekhwiya'),
(219, 'Russia', 'Zenit Saint Petersburg'),
(220, 'Russia', 'Rostov'),
(221, 'Russia', 'Lokomotiv Moscow'),
(222, 'Russia', 'Kuban Krasnodar'),
(223, 'Russia', 'Dynamo Moscow'),
(224, 'Russia', 'CSKA Moscow'),
(225, 'Russia', 'Rubin Kazan'),
(226, 'Russia', 'Terek Grozny'),
(227, 'Russia', 'Amkar Perm'),
(228, 'Russia', 'Spartak Moscow'),
(229, 'Russia', 'Anzhi Makhachkala'),
(230, 'Saudi Arabia', 'Al-Hilal'),
(231, 'Scotland', 'Celtic'),
(232, 'South Africa', 'Mamelodi Sundowns'),
(233, 'South Africa', 'Orlando Pirates'),
(234, 'South Korea', 'Jeonbuk Hyundai Motors'),
(235, 'South Korea', 'Suwon Bluewings'),
(236, 'South Korea', 'Sangju Sangmu'),
(237, 'South Korea', 'Ulsan Hyundai'),
(238, 'South Korea', 'Busan IPark'),
(239, 'Spain', 'Barcelona'),
(240, 'Spain', 'Real Madrid'),
(241, 'Spain', 'Sevilla'),
(242, 'Spain', 'Granada'),
(243, 'Spain', 'Getafe'),
(244, 'Spain', 'Villarreal'),
(245, 'Spain', 'Espanyol'),
(246, 'Spain', 'Real Sociedad'),
(247, 'Spain', 'Osasuna'),
(248, 'Spain', 'Valencia'),
(249, 'Spain', 'Celta Vigo'),
(250, 'Spain', 'Atl?tico Madrid'),
(251, 'Spain', 'Elche'),
(252, 'Spain', 'Levante'),
(253, 'Spain', 'Las Palmas'),
(254, 'Spain', 'Almer?a'),
(255, 'Spain', 'Mallorca'),
(256, 'Sweden', 'Malm? FF'),
(257, 'Sweden', 'AIK'),
(258, 'Switzerland', 'Luzern'),
(259, 'Switzerland', 'Sion'),
(260, 'Switzerland', 'Basel'),
(261, 'Switzerland', 'Young Boys'),
(262, 'Switzerland', 'Grasshopper'),
(263, 'Switzerland', 'Z?rich'),
(264, 'Tunisia', 'Esp?rance'),
(265, 'Tunisia', 'Club Africain'),
(266, 'Turkey', 'Be?ikta?'),
(267, 'Turkey', 'Galatasaray'),
(268, 'Turkey', 'Fenerbah?e'),
(269, 'Turkey', 'Konyaspor'),
(270, 'Turkey', 'Antalyaspor'),
(271, 'Turkey', 'Fethiyespor'),
(272, 'Turkey', 'Kayserispor'),
(273, 'Turkey', '?aykur Rizespor'),
(274, 'Turkey', 'Trabzonspor'),
(275, 'Turkey', 'Elaz??spor'),
(276, 'Turkey', 'Kayseri Erciyesspor'),
(277, 'Turkey', 'Gaziantepspor'),
(278, 'Turkey', '?stanbul Ba?ak?ehir'),
(279, 'Ukraine', 'Shakhtar Donetsk'),
(280, 'Ukraine', 'Dynamo Kyiv'),
(281, 'Ukraine', 'Zorya Luhansk'),
(282, 'Ukraine', 'Volyn Lutsk'),
(283, 'United Arab Emirates', 'Al-Jazira'),
(284, 'United Arab Emirates', 'Al-Ain'),
(285, 'United States', 'New York Red Bulls'),
(286, 'United States', 'Columbus Crew'),
(287, 'United States', 'Chivas USA'),
(288, 'United States', 'San Jose Earthquakes'),
(289, 'United States', 'New England Revolution'),
(290, 'United States', 'Houston Dynamo'),
(291, 'United States', 'Seattle Sounders FC'),
(292, 'United States', 'Los Angeles Galaxy'),
(293, 'United States', 'Sporting Kansas City'),
(294, 'United States', 'Real Salt Lake'),
(295, 'Uruguay', 'Nacional');

-- --------------------------------------------------------

--
-- Table structure for table `countries`
--

CREATE TABLE IF NOT EXISTS `countries` (
  `Country_ID` int(3) DEFAULT NULL,
  `Country_Name` varchar(32) DEFAULT NULL,
  `Country_Abbrev` varchar(3) DEFAULT NULL,
  `Confederation` varchar(8) DEFAULT NULL
) ENGINE=InnoDB DEFAULT CHARSET=utf8;

--
-- Dumping data for table `countries`
--

INSERT INTO `countries` (`Country_ID`, `Country_Name`, `Country_Abbrev`, `Confederation`) VALUES
(0, 'Afghanistan', 'AFG', 'AFC'),
(1, 'Albania', 'ALB', 'UEFA'),
(2, 'Algeria', 'ALG', 'CAF'),
(3, 'American Samoa', 'ASA', 'OFC'),
(4, 'Andorra', 'AND', 'UEFA'),
(5, 'Angola', 'ANG', 'CAF'),
(6, 'Anguilla', 'AIA', 'CONCACAF'),
(7, 'Antigua and Barbuda', 'ATG', 'CONCACAF'),
(8, 'Argentina', 'ARG', 'CONCACAF'),
(9, 'Armenia', 'ARM', 'UEFA'),
(10, 'Aruba', 'ARU', 'CONCACAF'),
(11, 'Australia', 'AUS', 'AFC'),
(12, 'Austria', 'AUT', 'UEFA'),
(13, 'Azerbaijan', 'AZE', 'UEFA'),
(14, 'Bahamas', 'BAH', 'CONCACAF'),
(15, 'Bahrain', 'BHR', 'AFC'),
(16, 'Bangladesh', 'BAN', 'AFC'),
(17, 'Barbados', 'BRB', 'CONCACAF'),
(18, 'Belarus', 'BLR', 'UEFA'),
(19, 'Belgium', 'BEL', 'UEFA'),
(20, 'Belize', 'BLZ', 'CONCACAF'),
(21, 'Benin', 'BEN', 'CAF'),
(22, 'Bermuda', 'BER', 'CONCACAF'),
(23, 'Bhutan', 'BHU', 'AFC'),
(24, 'Bolivia', 'BOL', 'CONMEBOL'),
(25, 'Bosnia-Herzegovina', 'BIH', 'UEFA'),
(26, 'Botswana', 'BOT', 'CAF'),
(27, 'Brazil', 'BRA', 'CONMEBOL'),
(28, 'British Virgin Islands', 'VGB', 'CONCACAF'),
(29, 'Brunei Darussalam', 'BRU', 'AFC'),
(30, 'Bulgaria', 'BUL', 'UEFA'),
(31, 'Burkina Faso', 'BFA', 'CAF'),
(32, 'Burundi', 'BDI', 'CAF'),
(33, 'Cambodia', 'CAM', 'AFC'),
(34, 'Cameroon', 'CMR', 'CAF'),
(35, 'Canada', 'CAN', 'CONCACAF'),
(36, 'Cape Verde', 'CPV', 'CAF'),
(37, 'Cayman Islands', 'CAY', 'CONCACAF'),
(38, 'Central African Republic', 'CTA', 'CAF'),
(39, 'Chad', 'CHA', 'CAF'),
(40, 'Chile', 'CHI', 'CONMEBOL'),
(41, 'China PR', 'CHN', 'AFC'),
(42, 'Chinese Taipei', 'TPE', 'AFC'),
(43, 'Colombia', 'COL', 'CONMEBOL'),
(44, 'Comoros', 'COM', 'CAF'),
(45, 'Congo', 'CGO', 'CAF'),
(46, 'Congo DR', 'COD', 'CAF'),
(47, 'Cook Islands', 'COK', 'OFC'),
(48, 'Costa Rica', 'CRC', 'CONCACAF'),
(49, 'Croatia', 'CRO', 'UEFA'),
(50, 'Cuba', 'CUB', 'CONCACAF'),
(51, 'Cura?ao', 'CUW', 'CONCACAF'),
(52, 'Cyprus', 'CYP', 'UEFA'),
(53, 'Czech Republic', 'CZE', 'UEFA'),
(54, 'Denmark', 'DEN', 'UEFA'),
(55, 'Djibouti', 'DJI', 'CAF'),
(56, 'Dominica', 'DMA', 'CONCACAF'),
(57, 'Dominican Republic', 'DOM', 'CONCACAF'),
(58, 'Ecuador', 'ECU', 'CONMEBOL'),
(59, 'Egypt', 'EGY', 'CAF'),
(60, 'El Salvador', 'SLV', 'CONCACAF'),
(61, 'England', 'ENG', 'UEFA'),
(62, 'Equatorial Guinea', 'EQG', 'CAF'),
(63, 'Eritrea', 'ERI', 'CAF'),
(64, 'Estonia', 'EST', 'UEFA'),
(65, 'Ethiopia', 'ETH', 'CAF'),
(66, 'Faroe Islands', 'FRO', 'UEFA'),
(67, 'Fiji', 'FIJ', 'OFC'),
(68, 'Finland', 'FIN', 'UEFA'),
(69, 'France', 'FRA', 'UEFA'),
(70, 'Gabon', 'GAB', 'CAF'),
(71, 'Gambia', 'GAM', 'CAF'),
(72, 'Georgia', 'GEO', 'UEFA'),
(73, 'Germany', 'GER', 'UEFA'),
(74, 'Ghana', 'GHA', 'CAF'),
(75, 'Gibraltar', 'GIB', 'UEFA'),
(76, 'Greece', 'GRE', 'UEFA'),
(77, 'Grenada', 'GRN', 'CONCACAF'),
(78, 'Guam', 'GUM', 'AFC'),
(79, 'Guatemala', 'GUA', 'CONCACAF'),
(80, 'Guinea', 'GUI', 'CAF'),
(81, 'Guinea-Bissau', 'GNB', 'CAF'),
(82, 'Guyana', 'GUY', 'CONCACAF'),
(83, 'Haiti', 'HAI', 'CONCACAF'),
(84, 'Honduras', 'HON', 'CONCACAF'),
(85, 'Hong Kong', 'HKG', 'AFC'),
(86, 'Hungary', 'HUN', 'UEFA'),
(87, 'Iceland', 'ISL', 'UEFA'),
(88, 'India', 'IND', 'AFC'),
(89, 'Indonesia', 'IDN', 'AFC'),
(90, 'Iran', 'IRN', 'AFC'),
(91, 'Iraq', 'IRQ', 'AFC'),
(92, 'Israel', 'ISR', 'UEFA'),
(93, 'Italy', 'ITA', 'UEFA'),
(94, 'C?te d''Ivoire', 'CIV', 'CAF'),
(95, 'Jamaica', 'JAM', 'CONCACAF'),
(96, 'Japan', 'JPN', 'AFC'),
(97, 'Jordan', 'JOR', 'AFC'),
(98, 'Kazakhstan', 'KAZ', 'UEFA'),
(99, 'Kenya', 'KEN', 'CAF'),
(100, 'Korea DPR', 'PRK', 'AFC'),
(101, 'Korea Republic', 'KOR', 'AFC'),
(102, 'Kosovo', 'KVX', 'UEFA'),
(103, 'Kuwait', 'KUW', 'AFC'),
(104, 'Kyrgyzstan', 'KGZ', 'AFC'),
(105, 'Laos', 'LAO', 'AFC'),
(106, 'Latvia', 'LVA', 'UEFA'),
(107, 'Lebanon', 'LIB', 'AFC'),
(108, 'Lesotho', 'LES', 'CAF'),
(109, 'Liberia', 'LBR', 'CAF'),
(110, 'Libya', 'LBY', 'CAF'),
(111, 'Liechtenstein', 'LIE', 'UEFA'),
(112, 'Lithuania', 'LTU', 'UEFA'),
(113, 'Luxembourg', 'LUX', 'UEFA'),
(114, 'Macau', 'MAC', 'AFC'),
(115, 'Madagascar', 'MAD', 'CAF'),
(116, 'Malawi', 'MWI', 'CAF'),
(117, 'Malaysia', 'MAS', 'AFC'),
(118, 'Maldives', 'MDV', 'AFC'),
(119, 'Mali', 'MLI', 'CAF'),
(120, 'Malta', 'MLT', 'UEFA'),
(121, 'Mauritania', 'MTN', 'CAF'),
(122, 'Mauritius', 'MRI', 'CAF'),
(123, 'Mexico', 'MEX', 'CONCACAF'),
(124, 'Moldova', 'MDA', 'UEFA'),
(125, 'Mongolia', 'MNG', 'AFC'),
(126, 'Montenegro', 'MNE', 'UEFA'),
(127, 'Montserrat', 'MSR', 'CONCACAF'),
(128, 'Morocco', 'MAR', 'CAF'),
(129, 'Mozambique', 'MOZ', 'CAF'),
(130, 'Myanmar', 'MYA', 'AFC'),
(131, 'Namibia', 'NAM', 'CAF'),
(132, 'Nepal', 'NEP', 'AFC'),
(133, 'Netherlands', 'NED', 'UEFA'),
(134, 'New Caledonia', 'NCL', 'OFC'),
(135, 'New Zealand', 'NZL', 'OFC'),
(136, 'Nicaragua', 'NCA', 'CONCACAF'),
(137, 'Niger', 'NIG', 'CAF'),
(138, 'Nigeria', 'NGA', 'CAF'),
(139, 'Northern Ireland', 'NIR', 'UEFA'),
(140, 'Norway', 'NOR', 'UEFA'),
(141, 'Oman', 'OMA', 'AFC'),
(142, 'Pakistan', 'PAK', 'AFC'),
(143, 'Palestine', 'PLE', 'AFC'),
(144, 'Panama', 'PAN', 'CONCACAF'),
(145, 'Papua New Guinea', 'PNG', 'OFC'),
(146, 'Paraguay', 'PAR', 'CONMEBOL'),
(147, 'Peru', 'PER', 'CONMEBOL'),
(148, 'Philippines', 'PHI', 'AFC'),
(149, 'Poland', 'POL', 'UEFA'),
(150, 'Portugal', 'POR', 'UEFA'),
(151, 'Puerto Rico', 'PUR', 'CONCACAF'),
(152, 'Qatar', 'QAT', 'AFC'),
(153, 'Republic of Ireland', 'IRL', 'UEFA'),
(154, 'Romania', 'ROU', 'UEFA'),
(155, 'Russia', 'RUS', 'UEFA'),
(156, 'Rwanda', 'RWA', 'CAF'),
(157, 'Saint Kitts and Nevis', 'SKN', 'CONCACAF'),
(158, 'Saint Lucia', 'LCA', 'CONCACAF'),
(159, 'Saint Vincent and the Grenadines', 'VIN', 'CONCACAF'),
(160, 'Samoa', 'SAM', 'OFC'),
(161, 'San Marino', 'SMR', 'UEFA'),
(162, 'S?o Tom? and Pr?ncipe', 'STP', 'CAF'),
(163, 'Saudi Arabia', 'KSA', 'AFC'),
(164, 'Scotland', 'SCO', 'UEFA'),
(165, 'Senegal', 'SEN', 'CAF'),
(166, 'Serbia', 'SRB', 'UEFA'),
(167, 'Seychelles', 'SEY', 'CAF'),
(168, 'Sierra Leone', 'SLE', 'CAF'),
(169, 'Singapore', 'SIN', 'AFC'),
(170, 'Slovakia', 'SVK', 'UEFA'),
(171, 'Slovenia', 'SVN', 'UEFA'),
(172, 'Solomon Islands', 'SOL', 'OFC'),
(173, 'Somalia', 'SOM', 'CAF'),
(174, 'South Africa', 'RSA', 'CAF'),
(175, 'South Sudan', 'SSD', 'CAF'),
(176, 'Spain', 'ESP', 'UEFA'),
(177, 'Sri Lanka', 'SRI', 'AFC'),
(178, 'Sudan', 'SDN', 'CAF'),
(179, 'Suriname', 'SUR', 'CONCACAF'),
(180, 'Swaziland', 'SWZ', 'CAF'),
(181, 'Sweden', 'SWE', 'UEFA'),
(182, 'Switzerland', 'SUI', 'UEFA'),
(183, 'Syria', 'SYR', 'AFC'),
(184, 'Tahiti', 'TAH', 'OFC'),
(185, 'Tajikistan', 'TJK', 'AFC'),
(186, 'Tanzania', 'TAN', 'CAF'),
(187, 'Thailand', 'THA', 'AFC'),
(188, 'Timor-Leste', 'TLS', 'AFC'),
(189, 'Togo', 'TOG', 'CAF'),
(190, 'Tonga', 'TGA', 'OFC'),
(191, 'Trinidad and Tobago', 'TRI', 'CONCACAF'),
(192, 'Tunisia', 'TUN', 'CAF'),
(193, 'Turkey', 'TUR', 'UEFA'),
(194, 'Turkmenistan', 'TKM', 'AFC'),
(195, 'Turks and Caicos Islands', 'TCA', 'CONCACAF'),
(196, 'Uganda', 'UGA', 'CAF'),
(197, 'Ukraine', 'UKR', 'UEFA'),
(198, 'United Arab Emirates', 'UAE', 'AFC'),
(199, 'United States', 'USA', 'CONCACAF'),
(200, 'Uruguay', 'URU', 'CONMEBOL'),
(201, 'US Virgin Islands', 'VIR', 'CONCACAF'),
(202, 'Uzbekistan', 'UZB', 'AFC'),
(203, 'Vanuatu', 'VAN', 'OFC'),
(204, 'Venezuela', 'VEN', 'CONMEBOL'),
(205, 'Vietnam', 'VIE', 'AFC'),
(206, 'Wales', 'WAL', 'UEFA'),
(207, 'Yemen', 'YEM', 'AFC'),
(208, 'Zambia', 'ZAM', 'CAF'),
(209, 'Zimbabwe', 'ZIM', 'CAF'),
(210, 'FYR Macedonia', 'MKD', 'UEFA');

-- --------------------------------------------------------

--
-- Table structure for table `discipline`
--

CREATE TABLE IF NOT EXISTS `discipline` (
  `Player_ID` int(3) DEFAULT NULL,
  `Card` varchar(2) DEFAULT NULL,
  `Mins` varchar(5) DEFAULT NULL,
  `Match_ID` int(2) DEFAULT NULL
) ENGINE=InnoDB DEFAULT CHARSET=utf8;

--
-- Dumping data for table `discipline`
--

INSERT INTO `discipline` (`Player_ID`, `Card`, `Mins`, `Match_ID`) VALUES
(16, 'YC', '88', 1),
(9, 'YC', '27', 1),
(83, 'YC', '57', 2),
(2, 'YC', '79', 17),
(15, 'YC', '45', 17),
(28, 'RC', '40', 18),
(39, 'YC', '80', 33),
(40, 'YC', '11', 33),
(42, 'YC', '76', 33),
(52, 'YC', '9', 34),
(61, 'RC', '89', 34),
(161, 'YC', '65', 3),
(134, 'YC', '86', 4),
(95, 'YC', '43', 20),
(174, 'YC', '41', 19),
(97, 'YC', '88', 35),
(106, 'YC', '90+2', 35),
(142, 'YC', '64', 36),
(189, 'YC', '26', 5),
(234, 'YC', '58', 6),
(251, 'YC', '54', 6),
(269, 'YC', '12', 22),
(267, 'YC', '16', 37),
(360, 'RC', '90+4', 7),
(346, 'YC', '50', 7),
(366, 'YC', '81', 7),
(349, 'YC', '56', 7),
(317, 'YC', '90+2', 8),
(347, 'YC', '9', 23),
(330, 'YC', '69', 24),
(329, 'RC', '59', 39),
(323, 'YC', '77', 39),
(330, 'YC', '22', 39),
(278, 'YC', '60', 40),
(456, 'YC', '84', 9),
(393, 'YC', '7', 10),
(396, 'YC', '45+2', 10),
(409, 'YC', '28', 10),
(418, 'YC', '7', 26),
(424, 'YC', '45+3', 26),
(422, 'YC', '66', 41),
(370, 'YC', '83', 42),
(383, 'RC', '50', 42),
(475, 'YC', '25', 11),
(519, 'YC', '75', 12),
(538, 'YC', '81', 28),
(541, 'YC', '51', 43),
(550, 'YC', '49', 43),
(489, 'YC', '78', 44),
(591, 'YC', '30', 14),
(585, 'YC', '90+2', 14),
(633, 'YC', '75', 30),
(623, 'YC', '37', 45),
(635, 'YC', '62', 45),
(605, 'YC', '90+4', 46),
(671, 'YC', '24', 15),
(706, 'YC', '49', 16),
(668, 'YC', '73', 31),
(672, 'YC', '54', 31),
(724, 'YC', '54', 32),
(726, 'YC', '69', 32),
(732, 'YC', '35', 47),
(649, 'YC', '39', 48),
(652, 'YC', '87', 48),
(660, 'YC', '90+2', 48),
(1, 'YC', '105+1', 49),
(16, 'YC', '60', 49),
(6, 'YC', '55', 49),
(20, 'YC', '93', 49),
(190, 'YC', '78', 50),
(276, 'YC', '90', 52),
(281, 'YC', '42', 52),
(281, 'YC', '66', 52),
(281, 'RC', '66', 52),
(292, 'YC', '48', 52),
(285, 'YC', '70', 52),
(288, 'YC', '57', 52),
(404, 'YC', '54', 53),
(567, 'YC', '107', 54),
(461, 'YC', '120+4', 55),
(475, 'YC', '90', 55),
(466, 'YC', '120', 55),
(670, 'YC', '42', 56),
(11, 'YC', '78', 58),
(2, 'YC', '64', 58),
(465, 'YC', '75', 59),
(141, 'YC', '64', 60),
(156, 'YC', '111', 60),
(12, 'YC', '68', 61),
(141, 'YC', '45', 62),
(156, 'YC', '105', 62),
(2, 'YC', '2', 63),
(10, 'YC', '68', 63),
(4, 'YC', '54', 63),
(555, 'YC', '34', 64),
(558, 'YC', '29', 64),
(50, 'YC', '65', 1),
(51, 'YC', '69', 1),
(27, 'YC', '77', 2),
(90, 'YC', '59', 17),
(91, 'YC', '62', 17),
(67, 'YC', '89', 18),
(72, 'YC', '39', 34),
(91, 'YC', '66', 34),
(140, 'YC', '41', 3),
(145, 'YC', '25', 3),
(146, 'YC', '66', 3),
(106, 'YC', '58', 4),
(96, 'YC', '67', 4),
(95, 'YC', '44', 4),
(146, 'YC', '47', 20),
(116, 'YC', '61', 19),
(122, 'YC', '26', 19),
(175, 'YC', '62', 35),
(119, 'YC', '25', 36),
(225, 'YC', '52', 5),
(220, 'YC', '55', 5),
(274, 'YC', '23', 6),
(258, 'YC', '64', 6),
(234, 'YC', '55', 21),
(238, 'YC', '90', 21),
(221, 'YC', '89', 22),
(227, 'YC', '27', 22),
(227, 'YC', '38', 22),
(227, 'RC', '38', 22),
(213, 'YC', '55', 22),
(196, 'YC', '63', 37),
(249, 'YC', '70', 38),
(237, 'YC', '62', 38),
(240, 'YC', '37', 38),
(302, 'YC', '68', 23),
(297, 'YC', '71', 24),
(345, 'YC', '90+1', 39),
(361, 'YC', '46', 39),
(319, 'YC', '53', 40),
(318, 'YC', '57', 40),
(371, 'YC', '53', 9),
(432, 'YC', '83', 10),
(421, 'YC', '28', 10),
(421, 'YC', '43', 10),
(421, 'RC', '43', 10),
(427, 'YC', '53', 10),
(396, 'YC', '88', 25),
(383, 'YC', '57', 26),
(374, 'YC', '80', 26),
(380, 'YC', '73', 26),
(486, 'YC', '63', 11),
(511, 'YC', '53', 27),
(512, 'YC', '73', 27),
(500, 'YC', '6', 28),
(515, 'YC', '88', 44),
(618, 'YC', '11', 13),
(600, 'RC', '37', 13),
(585, 'YC', '90+4', 29),
(555, 'YC', '11', 45),
(597, 'YC', '39', 46),
(592, 'YC', '55', 46),
(587, 'YC', '78', 46),
(657, 'YC', '34', 15),
(728, 'YC', '30', 16),
(725, 'YC', '90', 16),
(721, 'YC', '13', 16),
(697, 'YC', '38', 31),
(645, 'YC', '67', 32),
(682, 'RC', '45', 47),
(685, 'YC', '50', 47),
(691, 'YC', '59', 48),
(712, 'YC', '57', 48),
(119, 'YC', '40', 49),
(116, 'YC', '17', 49),
(123, 'YC', '102', 49),
(357, 'YC', '55', 50),
(346, 'YC', '77', 50),
(72, 'YC', '90+2', 51),
(90, 'YC', '69', 51),
(86, 'YC', '90+3', 51),
(210, 'YC', '72', 52),
(228, 'YC', '36', 52),
(648, 'YC', '42', 54),
(446, 'YC', '36', 55),
(452, 'YC', '73', 55),
(640, 'YC', '18', 56),
(558, 'YC', '80', 57),
(557, 'YC', '54', 57),
(186, 'YC', '71', 58),
(193, 'YC', '67', 58),
(668, 'YC', '69', 59),
(676, 'YC', '53', 59),
(277, 'YC', '107', 60),
(278, 'YC', '81', 60),
(279, 'YC', '52', 60),
(474, 'YC', '49', 62),
(145, 'YC', '36', 63),
(148, 'YC', '9', 63),
(473, 'YC', '64', 64),
(479, 'YC', '65', 64),
(290, 'YC', '37', 60);

-- --------------------------------------------------------

--
-- Table structure for table `goals`
--

CREATE TABLE IF NOT EXISTS `goals` (
  `Player_ID` int(3) DEFAULT NULL,
  `Mins` varchar(7) DEFAULT NULL,
  `Special Type` varchar(8) DEFAULT NULL,
  `Match ID` int(2) DEFAULT NULL
) ENGINE=InnoDB DEFAULT CHARSET=utf8;

--
-- Dumping data for table `goals`
--

INSERT INTO `goals` (`Player_ID`, `Mins`, `Special Type`, `Match ID`) VALUES
(9, ' 29''', '', 1),
(9, ' 71'' ', 'PENALTY', 1),
(10, ' 90+1''', '', 1),
(5, ' 11'' ', 'OWN_GOAL', 1),
(87, ' 61''', '', 2),
(174, ' 27'' ', 'PENALTY', 3),
(146, ' 44''', '', 3),
(146, ' 72''', '', 3),
(148, ' 53''', '', 3),
(148, ' 80''', '', 3),
(140, ' 65''', '', 3),
(121, ' 12''', '', 4),
(124, ' 14''', '', 4),
(129, ' 90+2''', '', 4),
(95, ' 35''', '', 4),
(190, ' 5''', '', 5),
(130, ' 58''', '', 5),
(193, ' 90+3''', '', 5),
(241, ' 64''', '', 6),
(239, ' 66''', '', 6),
(256, ' 16''', '', 6),
(365, ' 24'' ', 'PENALTY', 7),
(284, ' 54''', '', 7),
(281, ' 57''', '', 7),
(296, ' 84''', '', 7),
(307, ' 37''', '', 8),
(62, ' 61''', '', 8),
(329, ' 35''', '', 8),
(330, ' 50''', '', 8),
(454, ' 48''', '', 9),
(445, ' 90+3''', '', 9),
(380, ' 22''', '', 9),
(400, ' 45'' ', 'PENALTY', 10),
(400, ' 72''', '', 10),
(431, ' 48'' ', 'OWN_GOAL', 10),
(487, ' 3'' ', 'OWN_GOAL', 11),
(469, ' 65''', '', 11),
(491, ' 84''', '', 11),
(564, ' 12'' ', 'PENALTY', 13),
(564, ' 45+1''', '', 13),
(564, ' 78''', '', 13),
(556, ' 32''', '', 13),
(584, ' 82''', '', 14),
(628, ' 1''', '', 14),
(626, ' 86''', '', 14),
(674, ' 70''', '', 15),
(680, ' 80''', '', 15),
(653, ' 25'' ', 'PENALTY', 15),
(700, ' 74''', '', 16),
(723, ' 68''', '', 16),
(63, ' 11''', '', 18),
(49, ' 48''', '', 18),
(62, ' 73''', '', 18),
(125, ' 20''', '', 19),
(134, ' 43''', '', 19),
(95, ' 21''', '', 20),
(106, ' 54'' ', 'PENALTY', 20),
(148, ' 20''', '', 20),
(146, ' 58''', '', 20),
(158, ' 68''', '', 20),
(193, ' 64''', '', 21),
(203, ' 70''', '', 21),
(239, ' 73''', '', 21),
(353, ' 39''', '', 23),
(353, ' 85''', '', 23),
(308, ' 75''', '', 23),
(285, ' 44''', '', 24),
(451, ' 81''', '', 25),
(446, ' 87''', '', 25),
(399, ' 17''', '', 25),
(404, ' 18''', '', 25),
(398, ' 40''', '', 25),
(400, ' 67''', '', 25),
(408, ' 73''', '', 25),
(426, ' 31''', '', 26),
(380, ' 34''', '', 26),
(380, ' 65''', '', 26),
(469, ' 90+1''', '', 27),
(536, ' 29''', '', 28),
(570, ' 51''', '', 29),
(562, ' 71''', '', 29),
(584, ' 54''', '', 29),
(577, ' 63''', '', 29),
(314, ' 64''', '', 30),
(628, ' 81''', '', 30),
(614, ' 5''', '', 30),
(615, ' 90+5''', '', 30),
(683, ' 88''', '', 31),
(721, ' 50''', '', 32),
(725, ' 72''', '', 32),
(656, ' 26''', '', 32),
(648, ' 28''', '', 32),
(661, ' 38''', '', 32),
(654, ' 62''', '', 32),
(43, ' 26''', '', 33),
(9, ' 17''', '', 33),
(9, ' 35''', '', 33),
(8, ' 49''', '', 33),
(4, ' 84''', '', 33),
(49, ' 87''', '', 34),
(72, ' 72''', '', 34),
(86, ' 75''', '', 34),
(82, ' 82''', '', 34),
(167, ' 36''', '', 35),
(169, ' 69''', '', 35),
(173, ' 82''', '', 35),
(155, '77''', '', 36),
(158, ' 90+2''', '', 36),
(261, ' 45+1''', '', 37),
(194, ' 17'' ', 'PENALTY', 37),
(164, ' 55''', '', 37),
(164, ' 82''', '', 37),
(193, ' 90''', '', 37),
(228, ' 42''', '', 38),
(213, ' 90+3'' ', 'PENALTY', 38),
(241, ' 74''', '', 38),
(347, ' 81''', '', 39),
(459, ' 6''', '', 41),
(459, ' 31''', '', 41),
(459, ' 71''', '', 41),
(535, ' 4''', '', 43),
(535, ' 47''', '', 43),
(469, ' 3''', '', 43),
(469, ' 45+1''', '', 43),
(475, ' 50''', '', 43),
(493, ' 23''', '', 44),
(490, ' 59''', '', 44),
(484, ' 83''', '', 44),
(521, ' 82''', '', 44),
(564, ' 55''', '', 45),
(595, ' 31'' ', 'OWN_GOAL', 46),
(604, ' 80''', '', 46),
(577, ' 57''', '', 46),
(671, ' 78''', '', 47),
(656, ' 60''', '', 48),
(698, ' 6''', '', 48),
(3, '18''', '', 49),
(121, ' 32''', '', 49),
(193, ' 28''', '', 50),
(193, ' 50''', '', 50),
(147, ' 88''', '', 51),
(156, ' 90+4'' ', 'PENALTY', 51),
(78, ' 48''', '', 51),
(285, ' 52''', '', 52),
(225, ' 90+1''', '', 52),
(409, ' 79''', '', 53),
(530, ' 90+2'' ', 'OWN_GOAL', 53),
(560, ' 92''', '', 54),
(559, ' 120''', '', 54),
(661, ' 120+1''', '', 54),
(466, ' 118''', '', 55),
(673, ' 93''', '', 56),
(675, ' 105''', '', 56),
(636, ' 107''', '', 56),
(556, ' 13''', '', 57),
(2, '7''', '', 58),
(3, '69''', '', 58),
(193, ' 80'' ', 'PENALTY', 58),
(468, ' 8''', '', 59),
(10, ' 90''', '', 61),
(564, ' 11''', '', 61),
(562, ' 23''', '', 61),
(569, ' 24''', '', 61),
(569, ' 26''', '', 61),
(557, ' 29''', '', 61),
(560, ' 69''', '', 61),
(560, ' 79''', '', 61),
(146, ' 3'' ', 'PENALTY', 63),
(142, ' 17''', '', 63),
(157, ' 90+1''', '', 63),
(570, ' 113''', '', 64);

-- --------------------------------------------------------

--
-- Table structure for table `group_stage`
--

CREATE TABLE IF NOT EXISTS `group_stage` (
  `Group_Name` varchar(1) DEFAULT NULL,
  `Pos` int(1) DEFAULT NULL,
  `Team` varchar(18) DEFAULT NULL,
  `Pld` int(1) DEFAULT NULL,
  `W` int(1) DEFAULT NULL,
  `D` int(1) DEFAULT NULL,
  `L` int(1) DEFAULT NULL,
  `GF` int(2) DEFAULT NULL,
  `GA` int(1) DEFAULT NULL,
  `GD` int(2) DEFAULT NULL,
  `Pts` int(1) DEFAULT NULL
) ENGINE=InnoDB DEFAULT CHARSET=utf8;

--
-- Dumping data for table `group_stage`
--

INSERT INTO `group_stage` (`Group_Name`, `Pos`, `Team`, `Pld`, `W`, `D`, `L`, `GF`, `GA`, `GD`, `Pts`) VALUES
('A', 1, 'Brazil', 3, 2, 1, 0, 7, 2, 5, 7),
('A', 2, 'Mexico', 3, 2, 1, 0, 4, 1, 3, 7),
('A', 3, 'Croatia', 3, 1, 0, 2, 6, 6, 0, 3),
('A', 4, 'Cameroon', 3, 0, 0, 3, 1, 9, -8, 0),
('B', 1, 'Netherlands', 3, 3, 0, 0, 10, 3, 7, 9),
('B', 2, 'Chile', 3, 2, 0, 1, 5, 3, 2, 6),
('B', 3, 'Spain', 3, 1, 0, 2, 4, 7, -3, 3),
('B', 4, 'Australia', 3, 0, 0, 3, 3, 9, -6, 0),
('C', 1, 'Colombia', 3, 3, 0, 0, 9, 2, 7, 9),
('C', 2, 'Greece', 3, 1, 1, 1, 2, 4, -2, 4),
('C', 3, 'C?te d''Ivoire', 3, 1, 0, 2, 4, 5, -1, 3),
('C', 4, 'Japan', 3, 0, 1, 2, 2, 6, -4, 1),
('D', 1, 'Costa Rica', 3, 2, 1, 0, 4, 1, 3, 7),
('D', 2, 'Uruguay', 3, 2, 0, 1, 4, 4, 0, 6),
('D', 3, 'Italy', 3, 1, 0, 2, 2, 3, -1, 3),
('D', 4, 'England', 3, 0, 1, 2, 2, 4, -2, 1),
('E', 1, 'France', 3, 2, 1, 0, 8, 2, 6, 7),
('E', 2, 'Switzerland', 3, 2, 0, 1, 7, 6, 1, 6),
('E', 3, 'Ecuador', 3, 1, 1, 1, 3, 3, 0, 4),
('E', 4, 'Honduras', 3, 0, 0, 3, 1, 8, -7, 0),
('F', 1, 'Argentina', 3, 3, 0, 0, 6, 3, 3, 9),
('F', 2, 'Nigeria', 3, 1, 1, 1, 3, 3, 0, 4),
('F', 3, 'Bosnia-Herzegovina', 3, 1, 0, 2, 4, 4, 0, 3),
('F', 4, 'Iran', 3, 0, 1, 2, 1, 4, -3, 1),
('G', 1, 'Germany', 3, 2, 1, 0, 7, 2, 5, 7),
('G', 2, 'United States', 3, 1, 1, 1, 4, 4, 0, 4),
('G', 3, 'Portugal', 3, 1, 1, 1, 4, 7, -3, 4),
('G', 4, 'Ghana', 3, 0, 1, 2, 4, 6, -2, 1),
('H', 1, 'Belgium', 3, 3, 0, 0, 4, 1, 3, 9),
('H', 2, 'Algeria', 3, 1, 1, 1, 6, 5, 1, 4),
('H', 3, 'Russia', 3, 0, 2, 1, 2, 3, -1, 2),
('H', 4, 'Korea Republic', 3, 0, 1, 2, 3, 6, -3, 1);

-- --------------------------------------------------------

--
-- Table structure for table `lineups`
--

CREATE TABLE IF NOT EXISTS `lineups` (
  `Player_ID` int(3) DEFAULT NULL,
  `Match_ID` int(2) DEFAULT NULL,
  `Starter` varchar(5) DEFAULT NULL,
  `In/Off` varchar(3) DEFAULT NULL,
  `Sub_Mins` varchar(6) DEFAULT NULL
) ENGINE=InnoDB DEFAULT CHARSET=utf8;

--
-- Dumping data for table `lineups`
--

INSERT INTO `lineups` (`Player_ID`, `Match_ID`, `Starter`, `In/Off`, `Sub_Mins`) VALUES
(11, 1, 'TRUE', '', ''),
(1, 1, 'TRUE', '', ''),
(2, 1, 'TRUE', '', ''),
(3, 1, 'TRUE', '', ''),
(5, 1, 'TRUE', '', ''),
(7, 1, 'TRUE', 'OFF', '63'''),
(16, 1, 'TRUE', '', ''),
(6, 1, 'TRUE', 'OFF', '68'''),
(10, 1, 'TRUE', '', ''),
(9, 1, 'TRUE', 'OFF', '88'''),
(8, 1, 'TRUE', '', ''),
(17, 1, 'FALSE', 'IN ', '63'''),
(19, 1, 'FALSE', 'IN ', '68'''),
(15, 1, 'FALSE', 'IN ', '88'''),
(81, 2, 'TRUE', '', ''),
(70, 2, 'TRUE', '', ''),
(72, 2, 'TRUE', '', ''),
(83, 2, 'TRUE', '', ''),
(90, 2, 'TRUE', '', ''),
(75, 2, 'TRUE', '', ''),
(91, 2, 'TRUE', '', ''),
(74, 2, 'TRUE', 'OFF', '90+1'''),
(86, 2, 'TRUE', 'OFF', '69'''),
(78, 2, 'TRUE', '', ''),
(87, 2, 'TRUE', 'OFF', '74'''),
(76, 2, 'FALSE', 'IN ', '69'''),
(82, 2, 'FALSE', 'IN ', '74'''),
(71, 2, 'FALSE', 'IN ', '90+1'''),
(11, 17, 'TRUE', '', ''),
(1, 17, 'TRUE', '', ''),
(2, 17, 'TRUE', '', ''),
(3, 17, 'TRUE', '', ''),
(5, 17, 'TRUE', '', ''),
(7, 17, 'TRUE', '', ''),
(16, 17, 'TRUE', '', ''),
(10, 17, 'TRUE', 'OFF', '84'''),
(15, 17, 'TRUE', 'OFF', '46'''),
(9, 17, 'TRUE', '', ''),
(8, 17, 'TRUE', 'OFF', '68'''),
(19, 17, 'FALSE', 'IN ', '46'''),
(20, 17, 'FALSE', 'IN ', '68'''),
(18, 17, 'FALSE', 'IN ', '84'''),
(38, 18, 'TRUE', '', ''),
(39, 18, 'TRUE', '', ''),
(36, 18, 'TRUE', 'OFF', '46'''),
(25, 18, 'TRUE', '', ''),
(24, 18, 'TRUE', '', ''),
(43, 18, 'TRUE', '', ''),
(28, 18, 'TRUE', '', ''),
(40, 18, 'TRUE', '', ''),
(35, 18, 'TRUE', 'OFF', '75'''),
(30, 18, 'TRUE', '', ''),
(32, 18, 'TRUE', 'OFF', '70'''),
(27, 18, 'FALSE', 'IN ', '46'''),
(37, 18, 'FALSE', 'IN ', '70'''),
(42, 18, 'FALSE', 'IN ', '75'''),
(38, 33, 'TRUE', '', ''),
(44, 33, 'TRUE', '', ''),
(25, 33, 'TRUE', '', ''),
(43, 33, 'TRUE', '', ''),
(34, 33, 'TRUE', '', ''),
(29, 33, 'TRUE', '', ''),
(39, 33, 'TRUE', '', ''),
(40, 33, 'TRUE', '', ''),
(35, 33, 'TRUE', 'OFF', '81'''),
(30, 33, 'TRUE', 'OFF', '58'''),
(32, 33, 'TRUE', 'OFF', '72'''),
(42, 33, 'FALSE', 'IN ', '58'''),
(37, 33, 'FALSE', 'IN ', '72'''),
(33, 33, 'FALSE', 'IN ', '81'''),
(46, 34, 'TRUE', '', ''),
(56, 34, 'TRUE', '', ''),
(50, 34, 'TRUE', '', ''),
(51, 34, 'TRUE', '', ''),
(47, 34, 'TRUE', 'OFF', '58'''),
(52, 34, 'TRUE', '', ''),
(48, 34, 'TRUE', 'OFF', '74'''),
(49, 34, 'TRUE', '', ''),
(55, 34, 'TRUE', '', ''),
(63, 34, 'TRUE', 'OFF', '69'''),
(62, 34, 'TRUE', '', ''),
(65, 34, 'FALSE', 'IN ', '58'''),
(61, 34, 'FALSE', 'IN ', '69'''),
(54, 34, 'FALSE', 'IN ', '74'''),
(161, 3, 'TRUE', '', ''),
(182, 3, 'TRUE', '', ''),
(163, 3, 'TRUE', '', ''),
(175, 3, 'TRUE', '', ''),
(178, 3, 'TRUE', '', ''),
(168, 3, 'TRUE', '', ''),
(176, 3, 'TRUE', '', ''),
(174, 3, 'TRUE', 'OFF', '62'''),
(181, 3, 'TRUE', 'OFF', '78'''),
(166, 3, 'TRUE', '', ''),
(179, 3, 'TRUE', 'OFF', '62'''),
(169, 3, 'FALSE', 'IN ', '62'''),
(171, 3, 'FALSE', 'IN ', '62'''),
(170, 3, 'FALSE', 'IN ', '78'''),
(115, 4, 'TRUE', '', ''),
(118, 4, 'TRUE', '', ''),
(131, 4, 'TRUE', '', ''),
(132, 4, 'TRUE', '', ''),
(116, 4, 'TRUE', '', ''),
(134, 4, 'TRUE', '', ''),
(135, 4, 'TRUE', '', ''),
(122, 4, 'TRUE', 'OFF', '60'''),
(121, 4, 'TRUE', '', ''),
(124, 4, 'TRUE', 'OFF', '68'''),
(125, 4, 'TRUE', 'OFF', '88'''),
(130, 4, 'FALSE', 'IN ', '60'''),
(129, 4, 'FALSE', 'IN ', '68'''),
(123, 4, 'FALSE', 'IN ', '88'''),
(92, 20, 'TRUE', '', ''),
(110, 20, 'TRUE', '', ''),
(113, 20, 'TRUE', '', ''),
(97, 20, 'TRUE', '', ''),
(94, 20, 'TRUE', '', ''),
(106, 20, 'TRUE', '', ''),
(108, 20, 'TRUE', '', ''),
(98, 20, 'TRUE', '', ''),
(114, 20, 'TRUE', 'OFF', '51'''),
(102, 20, 'TRUE', 'OFF', '77'''),
(95, 20, 'TRUE', 'OFF', '69'''),
(104, 20, 'FALSE', 'IN ', '51'''),
(101, 20, 'FALSE', 'IN ', '69'''),
(100, 20, 'FALSE', 'IN ', '77'''),
(161, 19, 'TRUE', '', ''),
(182, 19, 'TRUE', '', ''),
(164, 19, 'TRUE', '', ''),
(175, 19, 'TRUE', '', ''),
(178, 19, 'TRUE', '', ''),
(176, 19, 'TRUE', '', ''),
(174, 19, 'TRUE', 'OFF', '46'''),
(181, 19, 'TRUE', '', ''),
(166, 19, 'TRUE', '', ''),
(171, 19, 'TRUE', 'OFF', '76'''),
(179, 19, 'TRUE', 'OFF', '64'''),
(177, 19, 'FALSE', 'IN ', '46'''),
(169, 19, 'FALSE', 'IN ', '64'''),
(180, 19, 'FALSE', 'IN ', '76'''),
(92, 35, 'TRUE', '', ''),
(110, 35, 'TRUE', '', ''),
(97, 35, 'TRUE', '', ''),
(113, 35, 'TRUE', '', ''),
(94, 35, 'TRUE', '', ''),
(108, 35, 'TRUE', '', ''),
(106, 35, 'TRUE', '', ''),
(104, 35, 'TRUE', 'OFF', '72'''),
(98, 35, 'TRUE', '', ''),
(100, 35, 'TRUE', 'OFF', '46'''),
(102, 35, 'TRUE', 'OFF', '61'''),
(101, 35, 'FALSE', 'IN ', '46'''),
(105, 35, 'FALSE', 'IN ', '61'''),
(114, 35, 'FALSE', 'IN ', '72'''),
(138, 36, 'TRUE', '', ''),
(144, 36, 'TRUE', '', ''),
(139, 36, 'TRUE', '', ''),
(140, 36, 'TRUE', '', ''),
(142, 36, 'TRUE', '', ''),
(157, 36, 'TRUE', '', ''),
(143, 36, 'TRUE', '', ''),
(152, 36, 'TRUE', 'OFF', '89'''),
(147, 36, 'TRUE', 'OFF', '75'''),
(148, 36, 'TRUE', '', ''),
(154, 36, 'TRUE', 'OFF', '69'''),
(158, 36, 'FALSE', 'IN ', '69'''),
(155, 36, 'FALSE', 'IN ', '75'''),
(151, 36, 'FALSE', 'IN ', '89'''),
(184, 5, 'TRUE', '', ''),
(201, 5, 'TRUE', '', ''),
(185, 5, 'TRUE', '', ''),
(186, 5, 'TRUE', '', ''),
(190, 5, 'TRUE', 'OFF', '74'''),
(189, 5, 'TRUE', '', ''),
(191, 5, 'TRUE', 'OFF', '69'''),
(194, 5, 'TRUE', '', ''),
(193, 5, 'TRUE', '', ''),
(197, 5, 'TRUE', '', ''),
(192, 5, 'TRUE', 'OFF', '76'''),
(198, 5, 'FALSE', 'IN ', '69'''),
(187, 5, 'FALSE', 'IN ', '74'''),
(204, 5, 'FALSE', 'IN ', '76'''),
(230, 6, 'TRUE', '', ''),
(246, 6, 'TRUE', '', ''),
(234, 6, 'TRUE', '', ''),
(251, 6, 'TRUE', '', ''),
(232, 6, 'TRUE', 'OFF', '75'''),
(238, 6, 'TRUE', '', ''),
(249, 6, 'TRUE', 'OFF', '62'''),
(248, 6, 'TRUE', '', ''),
(237, 6, 'TRUE', '', ''),
(241, 6, 'TRUE', 'OFF', '78'''),
(239, 6, 'TRUE', '', ''),
(240, 6, 'FALSE', 'IN ', '62'''),
(247, 6, 'FALSE', 'IN ', '75'''),
(242, 6, 'FALSE', 'IN ', '78'''),
(184, 21, 'TRUE', '', ''),
(201, 21, 'TRUE', '', ''),
(185, 21, 'TRUE', '', ''),
(186, 21, 'TRUE', '', ''),
(190, 21, 'TRUE', 'OFF', '72'''),
(191, 21, 'TRUE', 'OFF', '79'''),
(189, 21, 'TRUE', '', ''),
(194, 21, 'TRUE', '', ''),
(193, 21, 'TRUE', '', ''),
(197, 21, 'TRUE', 'OFF', '53'''),
(192, 21, 'TRUE', '', ''),
(203, 21, 'FALSE', 'IN ', '53'''),
(187, 21, 'FALSE', 'IN ', '72'''),
(198, 21, 'FALSE', 'IN ', '79'''),
(253, 22, 'TRUE', '', ''),
(254, 22, 'TRUE', '', ''),
(274, 22, 'TRUE', '', ''),
(267, 22, 'TRUE', '', ''),
(257, 22, 'TRUE', '', ''),
(268, 22, 'TRUE', '', ''),
(269, 22, 'TRUE', 'OFF', '46'''),
(261, 22, 'TRUE', '', ''),
(256, 22, 'TRUE', '', ''),
(265, 22, 'TRUE', '', ''),
(270, 22, 'TRUE', 'OFF', '57'''),
(259, 22, 'FALSE', 'IN ', '46'''),
(262, 22, 'FALSE', 'IN ', '57'''),
(253, 37, 'TRUE', '', ''),
(254, 37, 'TRUE', '', ''),
(274, 37, 'TRUE', '', ''),
(267, 37, 'TRUE', '', ''),
(257, 37, 'TRUE', '', ''),
(266, 37, 'TRUE', 'OFF', '62'''),
(269, 37, 'TRUE', '', ''),
(261, 37, 'TRUE', 'OFF', '69'''),
(256, 37, 'TRUE', '', ''),
(262, 37, 'TRUE', 'OFF', '85'''),
(265, 37, 'TRUE', '', ''),
(268, 37, 'FALSE', 'IN ', '62'''),
(263, 37, 'FALSE', 'IN ', '69'''),
(260, 37, 'FALSE', 'IN ', '85'''),
(207, 38, 'TRUE', 'OFF', '24'''),
(221, 38, 'TRUE', '', ''),
(210, 38, 'TRUE', '', ''),
(225, 38, 'TRUE', '', ''),
(226, 38, 'TRUE', '', ''),
(216, 38, 'TRUE', 'OFF', '78'''),
(208, 38, 'TRUE', '', ''),
(222, 38, 'TRUE', '', ''),
(214, 38, 'TRUE', 'OFF', '12'''),
(213, 38, 'TRUE', '', ''),
(220, 38, 'TRUE', '', ''),
(228, 38, 'FALSE', 'IN ', '12'''),
(218, 38, 'FALSE', 'IN ', '24'''),
(223, 38, 'FALSE', 'IN ', '78'''),
(345, 7, 'TRUE', '', ''),
(360, 7, 'TRUE', '', ''),
(346, 7, 'TRUE', '', ''),
(347, 7, 'TRUE', '', ''),
(366, 7, 'TRUE', '', ''),
(355, 7, 'TRUE', '', ''),
(361, 7, 'TRUE', '', ''),
(349, 7, 'TRUE', 'OFF', '60'''),
(351, 7, 'TRUE', 'OFF', '76'''),
(354, 7, 'TRUE', 'OFF', '60'''),
(365, 7, 'TRUE', '', ''),
(358, 7, 'FALSE', 'IN ', '60'''),
(364, 7, 'FALSE', 'IN ', '60'''),
(352, 7, 'FALSE', 'IN ', '76'''),
(299, 8, 'TRUE', '', ''),
(300, 8, 'TRUE', '', ''),
(303, 8, 'TRUE', '', ''),
(304, 8, 'TRUE', '', ''),
(301, 8, 'TRUE', '', ''),
(302, 8, 'TRUE', '', ''),
(312, 8, 'TRUE', 'OFF', '73'''),
(309, 8, 'TRUE', 'OFF', '61'''),
(317, 8, 'TRUE', '', ''),
(308, 8, 'TRUE', '', ''),
(307, 8, 'TRUE', 'OFF', '80'''),
(319, 8, 'FALSE', 'IN ', '61'''),
(305, 8, 'FALSE', 'IN ', '73'''),
(318, 8, 'FALSE', 'IN ', '80'''),
(345, 23, 'TRUE', '', ''),
(366, 23, 'TRUE', '', ''),
(357, 23, 'TRUE', '', ''),
(347, 23, 'TRUE', '', ''),
(350, 23, 'TRUE', '', ''),
(364, 23, 'TRUE', 'OFF', '79'''),
(361, 23, 'TRUE', '', ''),
(351, 23, 'TRUE', '', ''),
(358, 23, 'TRUE', 'OFF', '67'''),
(353, 23, 'TRUE', 'OFF', '88'''),
(365, 23, 'TRUE', '', ''),
(355, 23, 'FALSE', 'IN ', '67'''),
(348, 23, 'FALSE', 'IN ', '79'''),
(363, 23, 'FALSE', 'IN ', '88'''),
(322, 24, 'TRUE', '', ''),
(325, 24, 'TRUE', '', ''),
(336, 24, 'TRUE', '', ''),
(324, 24, 'TRUE', '', ''),
(328, 24, 'TRUE', '', ''),
(337, 24, 'TRUE', '', ''),
(342, 24, 'TRUE', '', ''),
(326, 24, 'TRUE', 'OFF', '46'''),
(327, 24, 'TRUE', 'OFF', '57'''),
(329, 24, 'TRUE', 'OFF', '69'''),
(330, 24, 'TRUE', '', ''),
(331, 24, 'FALSE', 'IN ', '46'''),
(343, 24, 'FALSE', 'IN ', '57'''),
(332, 24, 'FALSE', 'IN ', '69'''),
(322, 39, 'TRUE', '', ''),
(336, 39, 'TRUE', '', ''),
(340, 39, 'TRUE', '', ''),
(324, 39, 'TRUE', '', ''),
(325, 39, 'TRUE', '', ''),
(344, 39, 'TRUE', 'OFF', '75'''),
(329, 39, 'TRUE', '', ''),
(323, 39, 'TRUE', '', ''),
(342, 39, 'TRUE', '', ''),
(338, 39, 'TRUE', 'OFF', '71'''),
(330, 39, 'TRUE', 'OFF', '46'''),
(339, 39, 'FALSE', 'IN ', '46'''),
(331, 39, 'FALSE', 'IN ', '71'''),
(326, 39, 'FALSE', 'IN ', '75'''),
(276, 40, 'TRUE', '', ''),
(278, 40, 'TRUE', '', ''),
(281, 40, 'TRUE', '', ''),
(294, 40, 'TRUE', '', ''),
(291, 40, 'TRUE', '', ''),
(290, 40, 'TRUE', '', ''),
(280, 40, 'TRUE', 'OFF', '78'''),
(285, 40, 'TRUE', '', ''),
(292, 40, 'TRUE', '', ''),
(289, 40, 'TRUE', 'OFF', '59'''),
(284, 40, 'TRUE', 'OFF', '65'''),
(282, 40, 'FALSE', 'IN ', '59'''),
(296, 40, 'FALSE', 'IN ', '65'''),
(286, 40, 'FALSE', 'IN ', '78'''),
(437, 9, 'TRUE', '', ''),
(438, 9, 'TRUE', '', ''),
(456, 9, 'TRUE', '', ''),
(441, 9, 'TRUE', '', ''),
(449, 9, 'TRUE', '', ''),
(447, 9, 'TRUE', '', ''),
(444, 9, 'TRUE', '', ''),
(459, 9, 'TRUE', '', ''),
(446, 9, 'TRUE', '', ''),
(450, 9, 'TRUE', 'OFF', '46'''),
(455, 9, 'TRUE', 'OFF', '75'''),
(454, 9, 'FALSE', 'IN ', '46'''),
(445, 9, 'FALSE', 'IN ', '75'''),
(391, 10, 'TRUE', '', ''),
(392, 10, 'TRUE', '', ''),
(394, 10, 'TRUE', '', ''),
(395, 10, 'TRUE', '', ''),
(393, 10, 'TRUE', '', ''),
(396, 10, 'TRUE', 'OFF', '65'''),
(404, 10, 'TRUE', '', ''),
(409, 10, 'TRUE', 'OFF', '57'''),
(398, 10, 'TRUE', 'OFF', '78'''),
(400, 10, 'TRUE', '', ''),
(401, 10, 'TRUE', '', ''),
(408, 10, 'FALSE', 'IN ', '57'''),
(402, 10, 'FALSE', 'IN ', '65'''),
(399, 10, 'FALSE', 'IN ', '78'''),
(437, 25, 'TRUE', '', ''),
(438, 25, 'TRUE', '', ''),
(456, 25, 'TRUE', '', ''),
(441, 25, 'TRUE', 'OFF', '9'''),
(449, 25, 'TRUE', '', ''),
(447, 25, 'TRUE', 'OFF', '46'''),
(444, 25, 'TRUE', '', ''),
(446, 25, 'TRUE', '', ''),
(459, 25, 'TRUE', '', ''),
(454, 25, 'TRUE', '', ''),
(445, 25, 'TRUE', 'OFF', '69'''),
(440, 25, 'FALSE', 'IN ', '9'''),
(451, 25, 'FALSE', 'IN ', '46'''),
(455, 25, 'FALSE', 'IN ', '69'''),
(431, 26, 'TRUE', '', ''),
(434, 26, 'TRUE', '', ''),
(418, 26, 'TRUE', '', ''),
(416, 26, 'TRUE', '', ''),
(420, 26, 'TRUE', 'OFF', '46'''),
(427, 26, 'TRUE', 'OFF', '83'''),
(432, 26, 'TRUE', 'OFF', '71'''),
(433, 26, 'TRUE', '', ''),
(428, 26, 'TRUE', '', ''),
(426, 26, 'TRUE', '', ''),
(424, 26, 'TRUE', '', ''),
(419, 26, 'FALSE', 'IN ', '46'''),
(423, 26, 'FALSE', 'IN ', '71'''),
(436, 26, 'FALSE', 'IN ', '83'''),
(431, 41, 'TRUE', '', ''),
(434, 41, 'TRUE', '', ''),
(418, 41, 'TRUE', '', ''),
(416, 41, 'TRUE', '', ''),
(419, 41, 'TRUE', '', ''),
(433, 41, 'TRUE', '', ''),
(421, 41, 'TRUE', '', ''),
(427, 41, 'TRUE', 'OFF', '77'''),
(428, 41, 'TRUE', 'OFF', '46'''),
(426, 41, 'TRUE', 'OFF', '40'''),
(424, 41, 'TRUE', '', ''),
(422, 41, 'FALSE', 'IN ', '40'''),
(436, 41, 'FALSE', 'IN ', '46'''),
(430, 41, 'FALSE', 'IN ', '77'''),
(389, 42, 'TRUE', '', ''),
(371, 42, 'TRUE', '', ''),
(369, 42, 'TRUE', '', ''),
(370, 42, 'TRUE', '', ''),
(377, 42, 'TRUE', '', ''),
(383, 42, 'TRUE', '', ''),
(381, 42, 'TRUE', '', ''),
(373, 42, 'TRUE', 'OFF', '89'''),
(374, 42, 'TRUE', 'OFF', '63'''),
(382, 42, 'TRUE', 'OFF', '82'''),
(380, 42, 'TRUE', '', ''),
(372, 42, 'FALSE', 'IN ', '63'''),
(388, 42, 'FALSE', 'IN ', '82'''),
(378, 42, 'FALSE', 'IN ', '89'''),
(460, 11, 'TRUE', '', ''),
(462, 11, 'TRUE', 'OFF', '46'''),
(476, 11, 'TRUE', '', ''),
(461, 11, 'TRUE', '', ''),
(463, 11, 'TRUE', '', ''),
(475, 11, 'TRUE', '', ''),
(470, 11, 'TRUE', 'OFF', '46'''),
(473, 11, 'TRUE', '', ''),
(466, 11, 'TRUE', '', ''),
(469, 11, 'TRUE', '', ''),
(479, 11, 'TRUE', 'OFF', '87'''),
(468, 11, 'FALSE', 'IN ', '46'''),
(464, 11, 'FALSE', 'IN ', '46'''),
(465, 11, 'FALSE', 'IN ', '87'''),
(517, 12, 'TRUE', '', ''),
(509, 12, 'TRUE', '', ''),
(510, 12, 'TRUE', '', ''),
(520, 12, 'TRUE', '', ''),
(528, 12, 'TRUE', '', ''),
(507, 12, 'TRUE', 'OFF', '89'''),
(519, 12, 'TRUE', '', ''),
(511, 12, 'TRUE', '', ''),
(526, 12, 'TRUE', 'OFF', '73'''),
(521, 12, 'TRUE', '', ''),
(508, 12, 'TRUE', '', ''),
(514, 12, 'FALSE', 'IN ', '73'''),
(512, 12, 'FALSE', 'IN ', '89'''),
(460, 27, 'TRUE', '', ''),
(463, 27, 'TRUE', '', ''),
(476, 27, 'TRUE', '', ''),
(461, 27, 'TRUE', '', ''),
(475, 27, 'TRUE', '', ''),
(464, 27, 'TRUE', '', ''),
(473, 27, 'TRUE', '', ''),
(466, 27, 'TRUE', 'OFF', '90+4'''),
(469, 27, 'TRUE', '', ''),
(468, 27, 'TRUE', 'OFF', '76'''),
(479, 27, 'TRUE', 'OFF', '76'''),
(477, 27, 'FALSE', 'IN ', '76'''),
(481, 27, 'FALSE', 'IN ', '76'''),
(465, 27, 'FALSE', 'IN ', '90+4'''),
(529, 28, 'TRUE', '', ''),
(533, 28, 'TRUE', '', ''),
(530, 28, 'TRUE', '', ''),
(541, 28, 'TRUE', '', ''),
(550, 28, 'TRUE', '', ''),
(545, 28, 'TRUE', '', ''),
(538, 28, 'TRUE', '', ''),
(535, 28, 'TRUE', 'OFF', '65'''),
(536, 28, 'TRUE', '', ''),
(546, 28, 'TRUE', 'OFF', '75'''),
(537, 28, 'TRUE', '', ''),
(551, 28, 'FALSE', 'IN ', '65'''),
(531, 28, 'FALSE', 'IN ', '75'''),
(529, 43, 'TRUE', '', ''),
(533, 43, 'TRUE', '', ''),
(530, 43, 'TRUE', '', ''),
(541, 43, 'TRUE', '', ''),
(550, 43, 'TRUE', '', ''),
(545, 43, 'TRUE', '', ''),
(538, 43, 'TRUE', '', ''),
(535, 43, 'TRUE', '', ''),
(546, 43, 'TRUE', 'OFF', '66'''),
(536, 43, 'TRUE', 'OFF', '80'''),
(537, 43, 'TRUE', '', ''),
(548, 43, 'FALSE', 'IN ', '66'''),
(547, 43, 'FALSE', 'IN ', '80'''),
(483, 44, 'TRUE', '', ''),
(484, 44, 'TRUE', '', ''),
(497, 44, 'TRUE', '', ''),
(486, 44, 'TRUE', '', ''),
(487, 44, 'TRUE', '', ''),
(490, 44, 'TRUE', '', ''),
(489, 44, 'TRUE', '', ''),
(503, 44, 'TRUE', 'OFF', '61'''),
(496, 44, 'TRUE', 'OFF', '79'''),
(493, 44, 'TRUE', 'OFF', '85'''),
(491, 44, 'TRUE', '', ''),
(488, 44, 'FALSE', 'IN ', '61'''),
(505, 44, 'FALSE', 'IN ', '79'''),
(501, 44, 'FALSE', 'IN ', '85'''),
(552, 13, 'TRUE', '', ''),
(571, 13, 'TRUE', '', ''),
(568, 13, 'TRUE', '', ''),
(556, 13, 'TRUE', 'OFF', '73'''),
(555, 13, 'TRUE', '', ''),
(567, 13, 'TRUE', '', ''),
(557, 13, 'TRUE', '', ''),
(569, 13, 'TRUE', '', ''),
(564, 13, 'TRUE', 'OFF', '82'''),
(570, 13, 'TRUE', '', ''),
(559, 13, 'TRUE', 'OFF', '63'''),
(560, 13, 'FALSE', 'IN ', '63'''),
(572, 13, 'FALSE', 'IN ', '73'''),
(561, 13, 'FALSE', 'IN ', '82'''),
(586, 14, 'TRUE', '', ''),
(578, 14, 'TRUE', '', ''),
(593, 14, 'TRUE', '', ''),
(595, 14, 'TRUE', '', ''),
(594, 14, 'TRUE', '', ''),
(591, 14, 'TRUE', 'OFF', '71'''),
(585, 14, 'TRUE', '', ''),
(584, 14, 'TRUE', '', ''),
(587, 14, 'TRUE', 'OFF', '59'''),
(577, 14, 'TRUE', '', ''),
(581, 14, 'TRUE', 'OFF', '78'''),
(583, 14, 'FALSE', 'IN ', '59'''),
(579, 14, 'FALSE', 'IN ', '71'''),
(588, 14, 'FALSE', 'IN ', '78'''),
(552, 29, 'TRUE', '', ''),
(571, 29, 'TRUE', 'OFF', '46'''),
(568, 29, 'TRUE', '', ''),
(556, 29, 'TRUE', '', ''),
(555, 29, 'TRUE', '', ''),
(567, 29, 'TRUE', '', ''),
(557, 29, 'TRUE', 'OFF', '70'''),
(569, 29, 'TRUE', '', ''),
(559, 29, 'TRUE', '', ''),
(570, 29, 'TRUE', 'OFF', '69'''),
(564, 29, 'TRUE', '', ''),
(572, 29, 'FALSE', 'IN ', '46'''),
(562, 29, 'FALSE', 'IN ', '69'''),
(558, 29, 'FALSE', 'IN ', '70'''),
(621, 30, 'TRUE', '', ''),
(643, 30, 'TRUE', '', ''),
(640, 30, 'TRUE', '', ''),
(625, 30, 'TRUE', '', ''),
(627, 30, 'TRUE', '', ''),
(635, 30, 'TRUE', '', ''),
(633, 30, 'TRUE', '', ''),
(631, 30, 'TRUE', 'OFF', '72'''),
(624, 30, 'TRUE', '', ''),
(639, 30, 'TRUE', 'OFF', '90+1'''),
(628, 30, 'TRUE', 'OFF', '87'''),
(622, 30, 'FALSE', 'IN ', '72'''),
(638, 30, 'FALSE', 'IN ', '87'''),
(623, 30, 'FALSE', 'IN ', '90+1'''),
(621, 45, 'TRUE', '', ''),
(643, 45, 'TRUE', '', ''),
(623, 45, 'TRUE', '', ''),
(625, 45, 'TRUE', '', ''),
(627, 45, 'TRUE', '', ''),
(635, 45, 'TRUE', '', ''),
(633, 45, 'TRUE', '', ''),
(639, 45, 'TRUE', 'OFF', '84'''),
(624, 45, 'TRUE', '', ''),
(634, 45, 'TRUE', 'OFF', '59'''),
(628, 45, 'TRUE', '', ''),
(631, 45, 'FALSE', 'IN ', '59'''),
(622, 45, 'FALSE', 'IN ', '84'''),
(619, 46, 'TRUE', 'OFF', '89'''),
(618, 46, 'TRUE', 'OFF', '61'''),
(600, 46, 'TRUE', '', ''),
(599, 46, 'TRUE', '', ''),
(601, 46, 'TRUE', '', ''),
(603, 46, 'TRUE', '', ''),
(605, 46, 'TRUE', '', ''),
(617, 46, 'TRUE', '', ''),
(614, 46, 'TRUE', '', ''),
(604, 46, 'TRUE', '', ''),
(608, 46, 'TRUE', 'OFF', '69'''),
(615, 46, 'FALSE', 'IN ', '61'''),
(607, 46, 'FALSE', 'IN ', '69'''),
(67, 46, 'FALSE', 'IN ', '89'''),
(667, 15, 'TRUE', '', ''),
(668, 15, 'TRUE', '', ''),
(681, 15, 'TRUE', '', ''),
(670, 15, 'TRUE', '', ''),
(671, 15, 'TRUE', '', ''),
(672, 15, 'TRUE', '', ''),
(685, 15, 'TRUE', 'OFF', '65'''),
(688, 15, 'TRUE', 'OFF', '46'''),
(673, 15, 'TRUE', '', ''),
(676, 15, 'TRUE', '', ''),
(675, 15, 'TRUE', 'OFF', '58'''),
(680, 15, 'FALSE', 'IN ', '46'''),
(683, 15, 'FALSE', 'IN ', '58'''),
(674, 15, 'FALSE', 'IN ', '65'''),
(690, 16, 'TRUE', '', ''),
(711, 16, 'TRUE', '', ''),
(693, 16, 'TRUE', '', ''),
(703, 16, 'TRUE', '', ''),
(712, 16, 'TRUE', '', ''),
(697, 16, 'TRUE', 'OFF', '72'''),
(709, 16, 'TRUE', '', ''),
(707, 16, 'TRUE', 'OFF', '71'''),
(708, 16, 'TRUE', '', ''),
(706, 16, 'TRUE', 'OFF', '59'''),
(698, 16, 'TRUE', '', ''),
(699, 16, 'FALSE', 'IN ', '59'''),
(700, 16, 'FALSE', 'IN ', '71'''),
(696, 16, 'FALSE', 'IN ', '72'''),
(667, 31, 'TRUE', '', ''),
(668, 31, 'TRUE', '', ''),
(681, 31, 'TRUE', '', ''),
(670, 31, 'TRUE', '', ''),
(669, 31, 'TRUE', 'OFF', '31'''),
(672, 31, 'TRUE', '', ''),
(674, 31, 'TRUE', '', ''),
(680, 31, 'TRUE', 'OFF', '75'''),
(673, 31, 'TRUE', '', ''),
(676, 31, 'TRUE', '', ''),
(675, 31, 'TRUE', 'OFF', '57'''),
(671, 31, 'FALSE', 'IN ', '31'''),
(683, 31, 'FALSE', 'IN ', '57'''),
(677, 31, 'FALSE', 'IN ', '75'''),
(713, 32, 'TRUE', '', ''),
(724, 32, 'TRUE', '', ''),
(732, 32, 'TRUE', '', ''),
(717, 32, 'TRUE', '', ''),
(715, 32, 'TRUE', '', ''),
(726, 32, 'TRUE', 'OFF', '78'''),
(728, 32, 'TRUE', '', ''),
(729, 32, 'TRUE', 'OFF', '64'''),
(725, 32, 'TRUE', '', ''),
(721, 32, 'TRUE', '', ''),
(722, 32, 'TRUE', 'OFF', '57'''),
(730, 32, 'FALSE', 'IN ', '57'''),
(723, 32, 'FALSE', 'IN ', '64'''),
(731, 32, 'FALSE', 'IN ', '78'''),
(733, 47, 'TRUE', '', ''),
(724, 47, 'TRUE', '', ''),
(717, 47, 'TRUE', '', ''),
(732, 47, 'TRUE', '', ''),
(715, 47, 'TRUE', '', ''),
(726, 47, 'TRUE', 'OFF', '46'''),
(728, 47, 'TRUE', '', ''),
(729, 47, 'TRUE', '', ''),
(725, 47, 'TRUE', '', ''),
(721, 47, 'TRUE', 'OFF', '73'''),
(730, 47, 'TRUE', 'OFF', '66'''),
(723, 47, 'FALSE', 'IN ', '46'''),
(719, 47, 'FALSE', 'IN ', '66'''),
(731, 47, 'FALSE', 'IN ', '73'''),
(666, 48, 'TRUE', '', ''),
(663, 48, 'TRUE', '', ''),
(647, 48, 'TRUE', '', ''),
(648, 48, 'TRUE', '', ''),
(649, 48, 'TRUE', '', ''),
(655, 48, 'TRUE', '', ''),
(657, 48, 'TRUE', '', ''),
(653, 48, 'TRUE', '', ''),
(654, 48, 'TRUE', 'OFF', '71'''),
(661, 48, 'TRUE', 'OFF', '77'''),
(656, 48, 'TRUE', 'OFF', '90+2'''),
(650, 48, 'FALSE', 'IN ', '71'''),
(652, 48, 'FALSE', 'IN ', '77'''),
(658, 48, 'FALSE', 'IN ', '90+2'''),
(660, 48, 'TRUE', '', ''),
(11, 49, 'TRUE', '', ''),
(1, 49, 'TRUE', '', ''),
(2, 49, 'TRUE', '', ''),
(3, 49, 'TRUE', '', ''),
(5, 49, 'TRUE', '', ''),
(4, 49, 'TRUE', 'OFF', '72'''),
(16, 49, 'TRUE', '', ''),
(6, 49, 'TRUE', '', ''),
(10, 49, 'TRUE', 'OFF', '106'''),
(9, 49, 'TRUE', '', ''),
(8, 49, 'TRUE', 'OFF', '64'''),
(20, 49, 'FALSE', 'IN ', '64'''),
(15, 49, 'FALSE', 'IN ', '72'''),
(18, 49, 'FALSE', 'IN ', '106'''),
(184, 50, 'TRUE', '', ''),
(201, 50, 'TRUE', '', ''),
(185, 50, 'TRUE', '', ''),
(186, 50, 'TRUE', '', ''),
(190, 50, 'TRUE', '', ''),
(194, 50, 'TRUE', 'OFF', '81'''),
(191, 50, 'TRUE', '', ''),
(189, 50, 'TRUE', '', ''),
(193, 50, 'TRUE', 'OFF', '85'''),
(192, 50, 'TRUE', 'OFF', '68'''),
(204, 50, 'TRUE', '', ''),
(198, 50, 'FALSE', 'IN ', '68'''),
(196, 50, 'FALSE', 'IN ', '81'''),
(202, 50, 'FALSE', 'IN ', '85'''),
(138, 51, 'TRUE', '', ''),
(149, 51, 'TRUE', 'OFF', '56'''),
(139, 51, 'TRUE', '', ''),
(140, 51, 'TRUE', '', ''),
(142, 51, 'TRUE', '', ''),
(152, 51, 'TRUE', '', ''),
(143, 51, 'TRUE', 'OFF', '9'''),
(157, 51, 'TRUE', '', ''),
(147, 51, 'TRUE', '', ''),
(148, 51, 'TRUE', '', ''),
(146, 51, 'TRUE', 'OFF', '76'''),
(141, 51, 'FALSE', 'IN ', '9'''),
(158, 51, 'FALSE', 'IN ', '56'''),
(156, 51, 'FALSE', 'IN ', '76'''),
(276, 52, 'TRUE', '', ''),
(281, 52, 'TRUE', '', ''),
(278, 52, 'TRUE', '', ''),
(279, 52, 'TRUE', '', ''),
(291, 52, 'TRUE', 'OFF', '77'''),
(290, 52, 'TRUE', '', ''),
(280, 52, 'TRUE', '', ''),
(292, 52, 'TRUE', 'OFF', '66'''),
(285, 52, 'TRUE', '', ''),
(282, 52, 'TRUE', 'OFF', '83'''),
(284, 52, 'TRUE', '', ''),
(297, 52, 'FALSE', 'IN ', '66'''),
(277, 52, 'FALSE', 'IN ', '77'''),
(289, 52, 'FALSE', 'IN ', '83'''),
(288, 52, 'TRUE', '', ''),
(391, 53, 'TRUE', '', ''),
(392, 53, 'TRUE', '', ''),
(394, 53, 'TRUE', '', ''),
(411, 53, 'TRUE', '', ''),
(393, 53, 'TRUE', '', ''),
(396, 53, 'TRUE', '', ''),
(409, 53, 'TRUE', '', ''),
(404, 53, 'TRUE', '', ''),
(398, 53, 'TRUE', 'OFF', '90+4'''),
(400, 53, 'TRUE', '', ''),
(399, 53, 'TRUE', 'OFF', '62'''),
(401, 53, 'FALSE', 'IN ', '62'''),
(408, 53, 'FALSE', 'IN ', '90+4'''),
(552, 54, 'TRUE', '', ''),
(572, 54, 'TRUE', 'OFF', '70'''),
(568, 54, 'TRUE', '', ''),
(571, 54, 'TRUE', '', ''),
(555, 54, 'TRUE', '', ''),
(567, 54, 'TRUE', '', ''),
(558, 54, 'TRUE', 'OFF', '109'''),
(569, 54, 'TRUE', '', ''),
(559, 54, 'TRUE', '', ''),
(570, 54, 'TRUE', 'OFF', '46'''),
(564, 54, 'TRUE', '', ''),
(560, 54, 'FALSE', 'IN ', '46'''),
(557, 54, 'FALSE', 'IN ', '70'''),
(574, 54, 'FALSE', 'IN ', '109'''),
(460, 55, 'TRUE', '', ''),
(463, 55, 'TRUE', '', ''),
(476, 55, 'TRUE', '', ''),
(461, 55, 'TRUE', '', ''),
(475, 55, 'TRUE', 'OFF', '105+1'''),
(464, 55, 'TRUE', 'OFF', '106'''),
(473, 55, 'TRUE', '', ''),
(466, 55, 'TRUE', '', ''),
(469, 55, 'TRUE', '', ''),
(481, 55, 'TRUE', 'OFF', '74'''),
(468, 55, 'TRUE', '', ''),
(477, 55, 'FALSE', 'IN ', '74'''),
(482, 55, 'FALSE', 'IN ', '105+1'''),
(465, 55, 'FALSE', 'IN ', '106'''),
(667, 56, 'TRUE', '', ''),
(668, 56, 'TRUE', '', ''),
(681, 56, 'TRUE', '', ''),
(670, 56, 'TRUE', '', ''),
(671, 56, 'TRUE', '', ''),
(672, 56, 'TRUE', '', ''),
(674, 56, 'TRUE', '', ''),
(680, 56, 'TRUE', 'OFF', '60'''),
(673, 56, 'TRUE', '', ''),
(676, 56, 'TRUE', 'OFF', '111'''),
(683, 56, 'TRUE', 'OFF', '91'''),
(677, 56, 'FALSE', 'IN ', '60'''),
(675, 56, 'FALSE', 'IN ', '91'''),
(688, 56, 'FALSE', 'IN ', '111'''),
(391, 57, 'TRUE', '', ''),
(392, 57, 'TRUE', '', ''),
(394, 57, 'TRUE', '', ''),
(395, 57, 'TRUE', 'OFF', '72'''),
(393, 57, 'TRUE', '', ''),
(409, 57, 'TRUE', '', ''),
(396, 57, 'TRUE', 'OFF', '74'''),
(404, 57, 'TRUE', '', ''),
(398, 57, 'TRUE', 'OFF', '84'''),
(401, 57, 'TRUE', '', ''),
(400, 57, 'TRUE', '', ''),
(411, 57, 'FALSE', 'IN ', '72'''),
(410, 57, 'FALSE', 'IN ', '74'''),
(399, 57, 'FALSE', 'IN ', '84'''),
(11, 58, 'TRUE', '', ''),
(22, 58, 'TRUE', '', ''),
(2, 58, 'TRUE', '', ''),
(3, 58, 'TRUE', '', ''),
(5, 58, 'TRUE', '', ''),
(4, 58, 'TRUE', '', ''),
(7, 58, 'TRUE', 'OFF', '86'''),
(6, 58, 'TRUE', 'OFF', '82'''),
(10, 58, 'TRUE', '', ''),
(9, 58, 'TRUE', 'OFF', '88'''),
(8, 58, 'TRUE', '', ''),
(15, 58, 'FALSE', 'IN ', '82'''),
(17, 58, 'FALSE', 'IN ', '86'''),
(14, 58, 'FALSE', 'IN ', '88'''),
(460, 59, 'TRUE', '', ''),
(463, 59, 'TRUE', '', ''),
(474, 59, 'TRUE', '', ''),
(461, 59, 'TRUE', '', ''),
(482, 59, 'TRUE', '', ''),
(465, 59, 'TRUE', '', ''),
(473, 59, 'TRUE', '', ''),
(481, 59, 'TRUE', 'OFF', '71'''),
(466, 59, 'TRUE', 'OFF', '33'''),
(469, 59, 'TRUE', '', ''),
(468, 59, 'TRUE', 'OFF', '81'''),
(467, 59, 'FALSE', 'IN ', '33'''),
(477, 59, 'FALSE', 'IN ', '71'''),
(464, 59, 'FALSE', 'IN ', '81'''),
(138, 60, 'TRUE', 'OFF', '120+1'''),
(140, 60, 'TRUE', '', ''),
(139, 60, 'TRUE', '', ''),
(141, 60, 'TRUE', 'OFF', '106'''),
(157, 60, 'TRUE', '', ''),
(147, 60, 'TRUE', '', ''),
(148, 60, 'TRUE', '', ''),
(158, 60, 'TRUE', 'OFF', '76'''),
(146, 60, 'TRUE', '', ''),
(154, 60, 'FALSE', 'IN ', '76'''),
(156, 60, 'FALSE', 'IN ', '106'''),
(160, 60, 'FALSE', 'IN ', '120+1'''),
(11, 61, 'TRUE', '', ''),
(22, 61, 'TRUE', '', ''),
(3, 61, 'TRUE', '', ''),
(12, 61, 'TRUE', '', ''),
(5, 61, 'TRUE', '', ''),
(16, 61, 'TRUE', '', ''),
(4, 61, 'TRUE', 'OFF', '46'''),
(6, 61, 'TRUE', 'OFF', '46'''),
(10, 61, 'TRUE', '', ''),
(19, 61, 'TRUE', '', ''),
(8, 61, 'TRUE', 'OFF', '70'''),
(15, 61, 'FALSE', 'IN ', '46'''),
(7, 61, 'FALSE', 'IN ', '46'''),
(18, 61, 'FALSE', 'IN ', '70'''),
(138, 62, 'TRUE', '', ''),
(140, 62, 'TRUE', '', ''),
(139, 62, 'TRUE', '', ''),
(141, 62, 'TRUE', 'OFF', '46'''),
(152, 62, 'TRUE', '', ''),
(142, 62, 'TRUE', '', ''),
(143, 62, 'TRUE', 'OFF', '62'''),
(157, 62, 'TRUE', '', ''),
(147, 62, 'TRUE', '', ''),
(148, 62, 'TRUE', '', ''),
(146, 62, 'TRUE', 'OFF', '96'''),
(144, 62, 'FALSE', 'IN ', '46'''),
(153, 62, 'FALSE', 'IN ', '62'''),
(156, 62, 'FALSE', 'IN ', '96'''),
(11, 63, 'TRUE', '', ''),
(22, 63, 'TRUE', '', ''),
(2, 63, 'TRUE', '', ''),
(3, 63, 'TRUE', '', ''),
(13, 63, 'TRUE', '', ''),
(7, 63, 'TRUE', 'OFF', '57'''),
(16, 63, 'TRUE', 'OFF', '46'''),
(15, 63, 'TRUE', 'OFF', '73'''),
(10, 63, 'TRUE', '', ''),
(18, 63, 'TRUE', '', ''),
(20, 63, 'TRUE', '', ''),
(4, 63, 'FALSE', 'IN ', '46'''),
(17, 63, 'FALSE', 'IN ', '57'''),
(6, 63, 'FALSE', 'IN ', '73'''),
(552, 64, 'TRUE', '', ''),
(567, 64, 'TRUE', '', ''),
(571, 64, 'TRUE', '', ''),
(556, 64, 'TRUE', '', ''),
(555, 64, 'TRUE', '', ''),
(574, 64, 'TRUE', 'OFF', '31'''),
(558, 64, 'TRUE', '', ''),
(564, 64, 'TRUE', '', ''),
(569, 64, 'TRUE', '', ''),
(559, 64, 'TRUE', 'OFF', '120'''),
(562, 64, 'TRUE', 'OFF', '88'''),
(560, 64, 'FALSE', 'IN ', '31'''),
(570, 64, 'FALSE', 'IN ', '88'''),
(568, 64, 'FALSE', 'IN ', '120'''),
(46, 1, 'TRUE', '', ''),
(56, 1, 'TRUE', '', ''),
(50, 1, 'TRUE', '', ''),
(51, 1, 'TRUE', '', ''),
(47, 1, 'TRUE', '', ''),
(55, 1, 'TRUE', '', ''),
(52, 1, 'TRUE', '', ''),
(49, 1, 'TRUE', '', ''),
(65, 1, 'TRUE', 'OFF', '61'''),
(63, 1, 'TRUE', '', ''),
(54, 1, 'TRUE', 'OFF', '78'''),
(59, 1, 'FALSE', 'IN ', '61'''),
(61, 1, 'FALSE', 'IN ', '78'''),
(38, 2, 'TRUE', '', ''),
(26, 2, 'TRUE', 'OFF', '46'''),
(25, 2, 'TRUE', '', ''),
(36, 2, 'TRUE', '', ''),
(24, 2, 'TRUE', '', ''),
(28, 2, 'TRUE', 'OFF', '79'''),
(39, 2, 'TRUE', '', ''),
(40, 2, 'TRUE', '', ''),
(30, 2, 'TRUE', '', ''),
(35, 2, 'TRUE', '', ''),
(31, 2, 'TRUE', '', ''),
(27, 2, 'FALSE', 'IN ', '46'''),
(37, 2, 'FALSE', 'IN ', '79'''),
(81, 17, 'TRUE', '', ''),
(70, 17, 'TRUE', '', ''),
(72, 17, 'TRUE', '', ''),
(83, 17, 'TRUE', '', ''),
(90, 17, 'TRUE', '', ''),
(75, 17, 'TRUE', '', ''),
(91, 17, 'TRUE', '', ''),
(74, 17, 'TRUE', 'OFF', '76'''),
(86, 17, 'TRUE', '', ''),
(78, 17, 'TRUE', 'OFF', '84'''),
(87, 17, 'TRUE', 'OFF', '74'''),
(82, 17, 'FALSE', 'IN ', '74'''),
(76, 17, 'FALSE', 'IN ', '76'''),
(77, 17, 'FALSE', 'IN ', '84'''),
(46, 18, 'TRUE', '', ''),
(56, 18, 'TRUE', '', ''),
(50, 18, 'TRUE', '', ''),
(51, 18, 'TRUE', '', ''),
(48, 18, 'TRUE', '', ''),
(55, 18, 'TRUE', '', ''),
(52, 18, 'TRUE', '', ''),
(49, 18, 'TRUE', 'OFF', '78'''),
(64, 18, 'TRUE', 'OFF', '72'''),
(63, 18, 'TRUE', 'OFF', '69'''),
(62, 18, 'TRUE', '', ''),
(67, 18, 'FALSE', 'IN ', '69'''),
(65, 18, 'FALSE', 'IN ', '72'''),
(61, 18, 'FALSE', 'IN ', '78'''),
(11, 33, 'TRUE', '', ''),
(1, 33, 'TRUE', '', ''),
(2, 33, 'TRUE', '', ''),
(3, 33, 'TRUE', '', ''),
(5, 33, 'TRUE', '', ''),
(16, 33, 'TRUE', '', ''),
(7, 33, 'TRUE', 'OFF', '46'''),
(10, 33, 'TRUE', '', ''),
(6, 33, 'TRUE', 'OFF', '63'''),
(9, 33, 'TRUE', 'OFF', '71'''),
(8, 33, 'TRUE', '', ''),
(4, 33, 'FALSE', 'IN ', '46'''),
(15, 33, 'FALSE', 'IN ', '63'''),
(18, 33, 'FALSE', 'IN ', '71'''),
(81, 34, 'TRUE', '', ''),
(70, 34, 'TRUE', '', ''),
(72, 34, 'TRUE', '', ''),
(83, 34, 'TRUE', '', ''),
(90, 34, 'TRUE', '', ''),
(75, 34, 'TRUE', '', ''),
(91, 34, 'TRUE', '', ''),
(74, 34, 'TRUE', '', ''),
(86, 34, 'TRUE', 'OFF', '84'''),
(78, 34, 'TRUE', 'OFF', '62'''),
(87, 34, 'TRUE', 'OFF', '79'''),
(82, 34, 'FALSE', 'IN ', '62'''),
(89, 34, 'FALSE', 'IN ', '79'''),
(76, 34, 'FALSE', 'IN ', '84'''),
(138, 3, 'TRUE', '', ''),
(139, 3, 'TRUE', '', ''),
(140, 3, 'TRUE', 'OFF', '77'''),
(141, 3, 'TRUE', '', ''),
(144, 3, 'TRUE', '', ''),
(142, 3, 'TRUE', '', ''),
(143, 3, 'TRUE', '', ''),
(145, 3, 'TRUE', 'OFF', '62'''),
(147, 3, 'TRUE', '', ''),
(146, 3, 'TRUE', 'OFF', '79'''),
(148, 3, 'TRUE', '', ''),
(157, 3, 'FALSE', 'IN ', '62'''),
(150, 3, 'FALSE', 'IN ', '77'''),
(154, 3, 'FALSE', 'IN ', '79'''),
(92, 4, 'TRUE', '', ''),
(93, 4, 'TRUE', 'OFF', '49'''),
(113, 4, 'TRUE', '', ''),
(97, 4, 'TRUE', '', ''),
(94, 4, 'TRUE', '', ''),
(106, 4, 'TRUE', '', ''),
(96, 4, 'TRUE', '', ''),
(98, 4, 'TRUE', '', ''),
(114, 4, 'TRUE', 'OFF', '78'''),
(102, 4, 'TRUE', 'OFF', '68'''),
(95, 4, 'TRUE', '', ''),
(110, 4, 'FALSE', 'IN ', '49'''),
(101, 4, 'FALSE', 'IN ', '68'''),
(105, 4, 'FALSE', 'IN ', '78'''),
(138, 20, 'TRUE', '', ''),
(139, 20, 'TRUE', '', ''),
(140, 20, 'TRUE', '', ''),
(141, 20, 'TRUE', 'OFF', '45+3'''),
(144, 20, 'TRUE', '', ''),
(145, 20, 'TRUE', 'OFF', '78'''),
(143, 20, 'TRUE', '', ''),
(142, 20, 'TRUE', '', ''),
(147, 20, 'TRUE', '', ''),
(146, 20, 'TRUE', 'OFF', '87'''),
(148, 20, 'TRUE', '', ''),
(158, 20, 'FALSE', 'IN ', '45+3'''),
(157, 20, 'FALSE', 'IN ', '78'''),
(154, 20, 'FALSE', 'IN ', '87'''),
(115, 19, 'TRUE', '', ''),
(131, 19, 'TRUE', '', ''),
(119, 19, 'TRUE', '', ''),
(132, 19, 'TRUE', '', ''),
(118, 19, 'TRUE', '', ''),
(134, 19, 'TRUE', 'OFF', '64'''),
(135, 19, 'TRUE', '', ''),
(116, 19, 'TRUE', '', ''),
(122, 19, 'TRUE', 'OFF', '88'''),
(125, 19, 'TRUE', 'OFF', '85'''),
(121, 19, 'TRUE', '', ''),
(130, 19, 'FALSE', 'IN ', '64'''),
(124, 19, 'FALSE', 'IN ', '85'''),
(120, 19, 'FALSE', 'IN ', '88'''),
(183, 35, 'TRUE', '', ''),
(165, 35, 'TRUE', '', ''),
(162, 35, 'TRUE', '', ''),
(175, 35, 'TRUE', '', ''),
(178, 35, 'TRUE', '', ''),
(174, 35, 'TRUE', 'OFF', '83'''),
(177, 35, 'TRUE', '', ''),
(166, 35, 'TRUE', '', ''),
(180, 35, 'TRUE', 'OFF', '68'''),
(167, 35, 'TRUE', 'OFF', '56'''),
(169, 35, 'TRUE', '', ''),
(173, 35, 'FALSE', 'IN ', '56'''),
(170, 35, 'FALSE', 'IN ', '68'''),
(181, 35, 'FALSE', 'IN ', '83'''),
(115, 36, 'TRUE', '', ''),
(131, 36, 'TRUE', '', ''),
(119, 36, 'TRUE', 'OFF', '70'''),
(132, 36, 'TRUE', '', ''),
(118, 36, 'TRUE', '', ''),
(116, 36, 'TRUE', '', ''),
(134, 36, 'TRUE', '', ''),
(135, 36, 'TRUE', '', ''),
(130, 36, 'TRUE', 'OFF', '46'''),
(121, 36, 'TRUE', '', ''),
(125, 36, 'TRUE', 'OFF', '81'''),
(129, 36, 'FALSE', 'IN ', '46'''),
(124, 36, 'FALSE', 'IN ', '70'''),
(123, 36, 'FALSE', 'IN ', '81'''),
(207, 5, 'TRUE', '', ''),
(221, 5, 'TRUE', '', ''),
(210, 5, 'TRUE', '', ''),
(225, 5, 'TRUE', '', ''),
(226, 5, 'TRUE', '', ''),
(220, 5, 'TRUE', 'OFF', '57'''),
(208, 5, 'TRUE', '', ''),
(227, 5, 'TRUE', '', ''),
(214, 5, 'TRUE', 'OFF', '78'''),
(213, 5, 'TRUE', '', ''),
(223, 5, 'TRUE', 'OFF', '64'''),
(224, 5, 'FALSE', 'IN ', '57'''),
(215, 5, 'FALSE', 'IN ', '64'''),
(216, 5, 'FALSE', 'IN ', '78'''),
(253, 6, 'TRUE', '', ''),
(254, 6, 'TRUE', '', ''),
(274, 6, 'TRUE', '', ''),
(258, 6, 'TRUE', '', ''),
(257, 6, 'TRUE', '', ''),
(268, 6, 'TRUE', '', ''),
(269, 6, 'TRUE', 'OFF', '54'''),
(261, 6, 'TRUE', '', ''),
(256, 6, 'TRUE', '', ''),
(262, 6, 'TRUE', 'OFF', '86'''),
(270, 6, 'TRUE', 'OFF', '67'''),
(259, 6, 'FALSE', 'IN ', '54'''),
(265, 6, 'FALSE', 'IN ', '67'''),
(263, 6, 'FALSE', 'IN ', '86'''),
(230, 21, 'TRUE', '', ''),
(246, 21, 'TRUE', '', ''),
(234, 21, 'TRUE', '', ''),
(251, 21, 'TRUE', '', ''),
(232, 21, 'TRUE', '', ''),
(249, 21, 'TRUE', 'OFF', '73'''),
(238, 21, 'TRUE', '', ''),
(239, 21, 'TRUE', '', ''),
(248, 21, 'TRUE', '', ''),
(244, 21, 'TRUE', 'OFF', '67'''),
(241, 21, 'TRUE', 'OFF', '60'''),
(240, 21, 'FALSE', 'IN ', '60'''),
(237, 21, 'FALSE', 'IN ', '67'''),
(235, 21, 'FALSE', 'IN ', '73'''),
(207, 22, 'TRUE', '', ''),
(221, 22, 'TRUE', '', ''),
(210, 22, 'TRUE', '', ''),
(225, 22, 'TRUE', '', ''),
(226, 22, 'TRUE', '', ''),
(227, 22, 'TRUE', '', ''),
(208, 22, 'TRUE', '', ''),
(214, 22, 'TRUE', 'OFF', '81'''),
(224, 22, 'TRUE', 'OFF', '41'''),
(213, 22, 'TRUE', '', ''),
(215, 22, 'TRUE', 'OFF', '35'''),
(223, 22, 'FALSE', 'IN ', '35'''),
(216, 22, 'FALSE', 'IN ', '41'''),
(220, 22, 'FALSE', 'IN ', '81'''),
(184, 37, 'TRUE', 'OFF', '85'''),
(187, 37, 'TRUE', '', ''),
(206, 37, 'TRUE', '', ''),
(199, 37, 'TRUE', '', ''),
(190, 37, 'TRUE', '', ''),
(198, 37, 'TRUE', '', ''),
(196, 37, 'TRUE', '', ''),
(194, 37, 'TRUE', 'OFF', '46'''),
(203, 37, 'TRUE', 'OFF', '46'''),
(202, 37, 'TRUE', '', ''),
(204, 37, 'TRUE', '', ''),
(188, 37, 'FALSE', 'IN ', '46'''),
(193, 37, 'FALSE', 'IN ', '46'''),
(205, 37, 'FALSE', 'IN ', '85'''),
(230, 38, 'TRUE', '', ''),
(246, 38, 'TRUE', '', ''),
(233, 38, 'TRUE', '', ''),
(251, 38, 'TRUE', '', ''),
(232, 38, 'TRUE', '', ''),
(238, 38, 'TRUE', 'OFF', '61'''),
(249, 38, 'TRUE', '', ''),
(237, 38, 'TRUE', '', ''),
(248, 38, 'TRUE', '', ''),
(239, 38, 'TRUE', 'OFF', '83'''),
(240, 38, 'TRUE', 'OFF', '78'''),
(241, 38, 'FALSE', 'IN ', '61'''),
(243, 38, 'FALSE', 'IN ', '78'''),
(250, 38, 'FALSE', 'IN ', '83'''),
(276, 7, 'TRUE', '', ''),
(281, 7, 'TRUE', '', ''),
(278, 7, 'TRUE', '', ''),
(279, 7, 'TRUE', '', ''),
(291, 7, 'TRUE', '', ''),
(290, 7, 'TRUE', '', ''),
(280, 7, 'TRUE', '', ''),
(292, 7, 'TRUE', 'OFF', '75'''),
(285, 7, 'TRUE', 'OFF', '83'''),
(282, 7, 'TRUE', 'OFF', '89'''),
(284, 7, 'TRUE', '', ''),
(297, 7, 'FALSE', 'IN ', '75'''),
(296, 7, 'FALSE', 'IN ', '83'''),
(286, 7, 'FALSE', 'IN ', '89'''),
(333, 8, 'TRUE', '', ''),
(325, 8, 'TRUE', '', ''),
(336, 8, 'TRUE', '', ''),
(341, 8, 'TRUE', '', ''),
(324, 8, 'TRUE', '', ''),
(329, 8, 'TRUE', '', ''),
(337, 8, 'TRUE', '', ''),
(344, 8, 'TRUE', 'OFF', '57'''),
(342, 8, 'TRUE', '', ''),
(327, 8, 'TRUE', 'OFF', '79'''),
(330, 8, 'TRUE', 'OFF', '73'''),
(326, 8, 'FALSE', 'IN ', '57'''),
(338, 8, 'FALSE', 'IN ', '73'''),
(339, 8, 'FALSE', 'IN ', '79'''),
(299, 23, 'TRUE', '', ''),
(300, 23, 'TRUE', '', ''),
(303, 23, 'TRUE', '', ''),
(304, 23, 'TRUE', '', ''),
(301, 23, 'TRUE', '', ''),
(302, 23, 'TRUE', '', ''),
(312, 23, 'TRUE', 'OFF', '87'''),
(317, 23, 'TRUE', 'OFF', '64'''),
(308, 23, 'TRUE', '', ''),
(309, 23, 'TRUE', 'OFF', '71'''),
(307, 23, 'TRUE', '', ''),
(319, 23, 'FALSE', 'IN ', '64'''),
(318, 23, 'FALSE', 'IN ', '71'''),
(316, 23, 'FALSE', 'IN ', '87'''),
(276, 24, 'TRUE', '', ''),
(278, 24, 'TRUE', '', ''),
(291, 24, 'TRUE', '', ''),
(281, 24, 'TRUE', '', ''),
(279, 24, 'TRUE', '', ''),
(290, 24, 'TRUE', '', ''),
(280, 24, 'TRUE', '', ''),
(292, 24, 'TRUE', 'OFF', '68'''),
(285, 24, 'TRUE', 'OFF', '81'''),
(282, 24, 'TRUE', '', ''),
(284, 24, 'TRUE', 'OFF', '74'''),
(297, 24, 'FALSE', 'IN ', '68'''),
(296, 24, 'FALSE', 'IN ', '74'''),
(289, 24, 'FALSE', 'IN ', '81'''),
(345, 39, 'TRUE', '', ''),
(366, 39, 'TRUE', '', ''),
(357, 39, 'TRUE', '', ''),
(347, 39, 'TRUE', '', ''),
(350, 39, 'TRUE', 'OFF', '63'''),
(364, 39, 'TRUE', '', ''),
(361, 39, 'TRUE', '', ''),
(351, 39, 'TRUE', 'OFF', '78'''),
(358, 39, 'TRUE', 'OFF', '46'''),
(353, 39, 'TRUE', '', ''),
(365, 39, 'TRUE', '', ''),
(360, 39, 'FALSE', 'IN ', '46'''),
(355, 39, 'FALSE', 'IN ', '63'''),
(362, 39, 'FALSE', 'IN ', '78'''),
(311, 40, 'TRUE', '', ''),
(314, 40, 'TRUE', '', ''),
(303, 40, 'TRUE', '', ''),
(310, 40, 'TRUE', '', ''),
(321, 40, 'TRUE', '', ''),
(306, 40, 'TRUE', '', ''),
(305, 40, 'TRUE', 'OFF', '73'''),
(315, 40, 'TRUE', 'OFF', '76'''),
(319, 40, 'TRUE', '', ''),
(318, 40, 'TRUE', 'OFF', '62'''),
(307, 40, 'TRUE', '', ''),
(317, 40, 'FALSE', 'IN ', '62'''),
(302, 40, 'FALSE', 'IN ', '73'''),
(308, 40, 'FALSE', 'IN ', '76'''),
(389, 9, 'TRUE', '', ''),
(371, 9, 'TRUE', '', ''),
(370, 9, 'TRUE', '', ''),
(369, 9, 'TRUE', '', ''),
(377, 9, 'TRUE', '', ''),
(383, 9, 'TRUE', '', ''),
(390, 9, 'TRUE', '', ''),
(373, 9, 'TRUE', '', ''),
(374, 9, 'TRUE', 'OFF', '77'''),
(378, 9, 'TRUE', 'OFF', '70'''),
(380, 9, 'TRUE', '', ''),
(382, 9, 'FALSE', 'IN ', '70'''),
(376, 9, 'FALSE', 'IN ', '77'''),
(431, 10, 'TRUE', '', ''),
(416, 10, 'TRUE', '', ''),
(434, 10, 'TRUE', '', ''),
(418, 10, 'TRUE', 'OFF', '46'''),
(420, 10, 'TRUE', '', ''),
(430, 10, 'TRUE', 'OFF', '58'''),
(432, 10, 'TRUE', '', ''),
(421, 10, 'TRUE', '', ''),
(428, 10, 'TRUE', '', ''),
(426, 10, 'TRUE', '', ''),
(424, 10, 'TRUE', 'OFF', '46'''),
(427, 10, 'FALSE', 'IN ', '46'''),
(415, 10, 'FALSE', 'IN ', '46'''),
(433, 10, 'FALSE', 'IN ', '58'''),
(391, 25, 'TRUE', '', ''),
(392, 25, 'TRUE', '', ''),
(394, 25, 'TRUE', '', ''),
(395, 25, 'TRUE', 'OFF', '66'''),
(393, 25, 'TRUE', '', ''),
(396, 25, 'TRUE', '', ''),
(408, 25, 'TRUE', '', ''),
(404, 25, 'TRUE', '', ''),
(398, 25, 'TRUE', 'OFF', '82'''),
(400, 25, 'TRUE', '', ''),
(399, 25, 'TRUE', 'OFF', '63'''),
(409, 25, 'FALSE', 'IN ', '63'''),
(411, 25, 'FALSE', 'IN ', '66'''),
(401, 25, 'FALSE', 'IN ', '82'''),
(389, 26, 'TRUE', '', ''),
(371, 26, 'TRUE', '', ''),
(370, 26, 'TRUE', '', ''),
(369, 26, 'TRUE', '', ''),
(377, 26, 'TRUE', '', ''),
(383, 26, 'TRUE', '', ''),
(381, 26, 'TRUE', 'OFF', '83'''),
(373, 26, 'TRUE', '', ''),
(374, 26, 'TRUE', 'OFF', '90+2'''),
(378, 26, 'TRUE', 'OFF', '82'''),
(380, 26, 'TRUE', '', ''),
(375, 26, 'FALSE', 'IN ', '82'''),
(390, 26, 'FALSE', 'IN ', '83'''),
(388, 26, 'FALSE', 'IN ', '90+2'''),
(437, 41, 'TRUE', '', ''),
(438, 41, 'TRUE', '', ''),
(456, 41, 'TRUE', '', ''),
(458, 41, 'TRUE', '', ''),
(449, 41, 'TRUE', '', ''),
(447, 41, 'TRUE', '', ''),
(444, 41, 'TRUE', '', ''),
(459, 41, 'TRUE', 'OFF', '87'''),
(446, 41, 'TRUE', 'OFF', '77'''),
(454, 41, 'TRUE', '', ''),
(455, 41, 'TRUE', 'OFF', '74'''),
(445, 41, 'FALSE', 'IN ', '74'''),
(442, 41, 'FALSE', 'IN ', '77'''),
(451, 41, 'FALSE', 'IN ', '87'''),
(391, 42, 'TRUE', '', ''),
(405, 42, 'TRUE', '', ''),
(411, 42, 'TRUE', '', ''),
(395, 42, 'TRUE', 'OFF', '61'''),
(407, 42, 'TRUE', '', ''),
(412, 42, 'TRUE', '', ''),
(409, 42, 'TRUE', '', ''),
(404, 42, 'TRUE', 'OFF', '67'''),
(401, 42, 'TRUE', 'OFF', '79'''),
(408, 42, 'TRUE', '', ''),
(400, 42, 'TRUE', '', ''),
(394, 42, 'FALSE', 'IN ', '61'''),
(399, 42, 'FALSE', 'IN ', '67'''),
(410, 42, 'FALSE', 'IN ', '79'''),
(483, 11, 'TRUE', '', ''),
(495, 11, 'TRUE', 'OFF', '69'''),
(485, 11, 'TRUE', '', ''),
(486, 11, 'TRUE', '', ''),
(487, 11, 'TRUE', '', ''),
(489, 11, 'TRUE', '', ''),
(502, 11, 'TRUE', 'OFF', '71'''),
(490, 11, 'TRUE', '', ''),
(492, 11, 'TRUE', 'OFF', '74'''),
(498, 11, 'TRUE', '', ''),
(493, 11, 'TRUE', '', ''),
(491, 11, 'FALSE', 'IN ', '69'''),
(501, 11, 'FALSE', 'IN ', '71'''),
(500, 11, 'FALSE', 'IN ', '74'''),
(529, 12, 'TRUE', '', ''),
(533, 12, 'TRUE', '', ''),
(541, 12, 'TRUE', '', ''),
(542, 12, 'TRUE', 'OFF', '29'''),
(550, 12, 'TRUE', '', ''),
(545, 12, 'TRUE', '', ''),
(543, 12, 'TRUE', 'OFF', '69'''),
(538, 12, 'TRUE', '', ''),
(539, 12, 'TRUE', 'OFF', '52'''),
(535, 12, 'TRUE', '', ''),
(537, 12, 'TRUE', '', ''),
(530, 12, 'FALSE', 'IN ', '29'''),
(551, 12, 'FALSE', 'IN ', '52'''),
(536, 12, 'FALSE', 'IN ', '69'''),
(517, 27, 'TRUE', '', ''),
(509, 27, 'TRUE', '', ''),
(510, 27, 'TRUE', '', ''),
(520, 27, 'TRUE', '', ''),
(528, 27, 'TRUE', '', ''),
(519, 27, 'TRUE', '', ''),
(511, 27, 'TRUE', '', ''),
(526, 27, 'TRUE', 'OFF', '85'''),
(512, 27, 'TRUE', 'OFF', '76'''),
(508, 27, 'TRUE', 'OFF', '88'''),
(521, 27, 'TRUE', '', ''),
(507, 27, 'FALSE', 'IN ', '76'''),
(514, 27, 'FALSE', 'IN ', '85'''),
(513, 27, 'FALSE', 'IN ', '88'''),
(483, 28, 'TRUE', '', ''),
(495, 28, 'TRUE', '', ''),
(497, 28, 'TRUE', '', ''),
(486, 28, 'TRUE', '', ''),
(500, 28, 'TRUE', 'OFF', '64'''),
(490, 28, 'TRUE', '', ''),
(489, 28, 'TRUE', '', ''),
(502, 28, 'TRUE', 'OFF', '57'''),
(492, 28, 'TRUE', '', ''),
(498, 28, 'TRUE', 'OFF', '58'''),
(493, 28, 'TRUE', '', ''),
(491, 28, 'FALSE', 'IN ', '57'''),
(505, 28, 'FALSE', 'IN ', '58'''),
(496, 28, 'FALSE', 'IN ', '64'''),
(460, 43, 'TRUE', '', ''),
(463, 43, 'TRUE', '', ''),
(476, 43, 'TRUE', '', ''),
(461, 43, 'TRUE', '', ''),
(475, 43, 'TRUE', '', ''),
(464, 43, 'TRUE', '', ''),
(473, 43, 'TRUE', '', ''),
(466, 43, 'TRUE', '', ''),
(469, 43, 'TRUE', 'OFF', '63'''),
(468, 43, 'TRUE', 'OFF', '90'''),
(479, 43, 'TRUE', 'OFF', '38'''),
(481, 43, 'FALSE', 'IN ', '38'''),
(478, 43, 'FALSE', 'IN ', '63'''),
(465, 43, 'FALSE', 'IN ', '90'''),
(517, 44, 'TRUE', '', ''),
(509, 44, 'TRUE', '', ''),
(510, 44, 'TRUE', '', ''),
(520, 44, 'TRUE', '', ''),
(528, 44, 'TRUE', '', ''),
(511, 44, 'TRUE', '', ''),
(519, 44, 'TRUE', '', ''),
(526, 44, 'TRUE', 'OFF', '68'''),
(512, 44, 'TRUE', 'OFF', '46'''),
(508, 44, 'TRUE', 'OFF', '63'''),
(521, 44, 'TRUE', '', ''),
(507, 44, 'FALSE', 'IN ', '46'''),
(514, 44, 'FALSE', 'IN ', '63'''),
(515, 44, 'FALSE', 'IN ', '68'''),
(609, 13, 'TRUE', '', ''),
(618, 13, 'TRUE', '', ''),
(599, 13, 'TRUE', '', ''),
(600, 13, 'TRUE', '', ''),
(602, 13, 'TRUE', 'OFF', '65'''),
(601, 13, 'TRUE', 'OFF', '46'''),
(605, 13, 'TRUE', '', ''),
(613, 13, 'TRUE', '', ''),
(614, 13, 'TRUE', '', ''),
(604, 13, 'TRUE', '', ''),
(606, 13, 'TRUE', 'OFF', '28'''),
(608, 13, 'FALSE', 'IN ', '28'''),
(610, 13, 'FALSE', 'IN ', '46'''),
(616, 13, 'FALSE', 'IN ', '65'''),
(621, 14, 'TRUE', '', ''),
(643, 14, 'TRUE', '', ''),
(640, 14, 'TRUE', '', ''),
(625, 14, 'TRUE', 'OFF', '46'''),
(627, 14, 'TRUE', '', ''),
(635, 14, 'TRUE', '', ''),
(631, 14, 'TRUE', 'OFF', '77'''),
(633, 14, 'TRUE', '', ''),
(624, 14, 'TRUE', '', ''),
(637, 14, 'TRUE', 'OFF', '23'''),
(628, 14, 'TRUE', '', ''),
(629, 14, 'FALSE', 'IN ', '23'''),
(626, 14, 'FALSE', 'IN ', '46'''),
(639, 14, 'FALSE', 'IN ', '77'''),
(590, 29, 'TRUE', '', ''),
(597, 29, 'TRUE', '', ''),
(595, 29, 'TRUE', '', ''),
(593, 29, 'TRUE', '', ''),
(594, 29, 'TRUE', '', ''),
(585, 29, 'TRUE', '', ''),
(591, 29, 'TRUE', 'OFF', '78'''),
(581, 29, 'TRUE', 'OFF', '72'''),
(583, 29, 'TRUE', 'OFF', '52'''),
(584, 29, 'TRUE', '', ''),
(577, 29, 'TRUE', '', ''),
(587, 29, 'FALSE', 'IN ', '52'''),
(596, 29, 'FALSE', 'IN ', '72'''),
(582, 29, 'FALSE', 'IN ', '78'''),
(619, 30, 'TRUE', '', ''),
(618, 30, 'TRUE', '', ''),
(610, 30, 'TRUE', '', ''),
(599, 30, 'TRUE', '', ''),
(616, 30, 'TRUE', 'OFF', '46'''),
(601, 30, 'TRUE', '', ''),
(605, 30, 'TRUE', '', ''),
(613, 30, 'TRUE', 'OFF', '69'''),
(614, 30, 'TRUE', '', ''),
(604, 30, 'TRUE', '', ''),
(620, 30, 'TRUE', 'OFF', '16'''),
(608, 30, 'FALSE', 'IN ', '16'''),
(603, 30, 'FALSE', 'IN ', '46'''),
(615, 30, 'FALSE', 'IN ', '69'''),
(552, 45, 'TRUE', '', ''),
(571, 45, 'TRUE', '', ''),
(568, 45, 'TRUE', '', ''),
(556, 45, 'TRUE', '', ''),
(555, 45, 'TRUE', '', ''),
(567, 45, 'TRUE', '', ''),
(558, 45, 'TRUE', 'OFF', '76'''),
(569, 45, 'TRUE', '', ''),
(559, 45, 'TRUE', 'OFF', '89'''),
(561, 45, 'TRUE', 'OFF', '46'''),
(564, 45, 'TRUE', '', ''),
(562, 45, 'FALSE', 'IN ', '46'''),
(570, 45, 'FALSE', 'IN ', '76'''),
(560, 45, 'FALSE', 'IN ', '89'''),
(590, 46, 'TRUE', '', ''),
(597, 46, 'TRUE', '', ''),
(595, 46, 'TRUE', '', ''),
(593, 46, 'TRUE', '', ''),
(594, 46, 'TRUE', '', ''),
(591, 46, 'TRUE', 'OFF', '76'''),
(582, 46, 'TRUE', '', ''),
(581, 46, 'TRUE', '', ''),
(584, 46, 'TRUE', 'OFF', '81'''),
(592, 46, 'TRUE', 'OFF', '71'''),
(577, 46, 'TRUE', '', ''),
(587, 46, 'FALSE', 'IN ', '71'''),
(580, 46, 'FALSE', 'IN ', '76'''),
(596, 46, 'FALSE', 'IN ', '81'''),
(666, 15, 'TRUE', '', ''),
(665, 15, 'TRUE', '', ''),
(645, 15, 'TRUE', '', ''),
(648, 15, 'TRUE', '', ''),
(646, 15, 'TRUE', '', ''),
(662, 15, 'TRUE', '', ''),
(655, 15, 'TRUE', 'OFF', '84'''),
(657, 15, 'TRUE', '', ''),
(653, 15, 'TRUE', '', ''),
(664, 15, 'TRUE', 'OFF', '71'''),
(658, 15, 'TRUE', 'OFF', '66'''),
(656, 15, 'FALSE', 'IN ', '66'''),
(651, 15, 'FALSE', 'IN ', '71'''),
(652, 15, 'FALSE', 'IN ', '84'''),
(713, 16, 'TRUE', '', ''),
(724, 16, 'TRUE', '', ''),
(717, 16, 'TRUE', '', ''),
(732, 16, 'TRUE', 'OFF', '73'''),
(715, 16, 'TRUE', '', ''),
(728, 16, 'TRUE', '', ''),
(726, 16, 'TRUE', '', ''),
(729, 16, 'TRUE', '', ''),
(725, 16, 'TRUE', '', ''),
(721, 16, 'TRUE', 'OFF', '84'''),
(722, 16, 'TRUE', 'OFF', '56'''),
(723, 16, 'FALSE', 'IN ', '56'''),
(718, 16, 'FALSE', 'IN ', '73'''),
(719, 16, 'FALSE', 'IN ', '84'''),
(690, 31, 'TRUE', '', ''),
(691, 31, 'TRUE', 'OFF', '62'''),
(703, 31, 'TRUE', '', ''),
(693, 31, 'TRUE', '', ''),
(712, 31, 'TRUE', '', ''),
(697, 31, 'TRUE', '', ''),
(708, 31, 'TRUE', 'OFF', '90'''),
(709, 31, 'TRUE', '', ''),
(706, 31, 'TRUE', 'OFF', '83'''),
(695, 31, 'TRUE', '', ''),
(698, 31, 'TRUE', '', ''),
(711, 31, 'FALSE', 'IN ', '62'''),
(699, 31, 'FALSE', 'IN ', '83'''),
(700, 31, 'FALSE', 'IN ', '90'''),
(666, 32, 'TRUE', '', ''),
(655, 32, 'TRUE', '', ''),
(645, 32, 'TRUE', 'OFF', '89'''),
(648, 32, 'TRUE', '', ''),
(663, 32, 'TRUE', '', ''),
(649, 32, 'TRUE', '', ''),
(654, 32, 'TRUE', 'OFF', '77'''),
(661, 32, 'TRUE', 'OFF', '73'''),
(653, 32, 'TRUE', '', ''),
(657, 32, 'TRUE', '', ''),
(656, 32, 'TRUE', '', ''),
(652, 32, 'FALSE', 'IN ', '73'''),
(651, 32, 'FALSE', 'IN ', '77'''),
(647, 32, 'FALSE', 'IN ', '89'''),
(667, 47, 'TRUE', '', ''),
(687, 47, 'TRUE', '', ''),
(681, 47, 'TRUE', '', ''),
(684, 47, 'TRUE', '', ''),
(671, 47, 'TRUE', '', ''),
(682, 47, 'TRUE', '', ''),
(685, 47, 'TRUE', '', ''),
(680, 47, 'TRUE', 'OFF', '60'''),
(674, 47, 'TRUE', '', ''),
(686, 47, 'TRUE', 'OFF', '60'''),
(677, 47, 'TRUE', 'OFF', '88'''),
(688, 47, 'FALSE', 'IN ', '60'''),
(683, 47, 'FALSE', 'IN ', '60'''),
(676, 47, 'FALSE', 'IN ', '88'''),
(690, 48, 'TRUE', '', ''),
(691, 48, 'TRUE', '', ''),
(703, 48, 'TRUE', '', ''),
(693, 48, 'TRUE', '', ''),
(712, 48, 'TRUE', '', ''),
(697, 48, 'TRUE', 'OFF', '46'''),
(709, 48, 'TRUE', '', ''),
(708, 48, 'TRUE', '', ''),
(698, 48, 'TRUE', '', ''),
(706, 48, 'TRUE', 'OFF', '67'''),
(700, 48, 'TRUE', 'OFF', '81'''),
(696, 48, 'FALSE', 'IN ', '46'''),
(699, 48, 'FALSE', 'IN ', '67'''),
(695, 48, 'FALSE', 'IN ', '81'''),
(115, 49, 'TRUE', '', ''),
(119, 49, 'TRUE', '', ''),
(131, 49, 'TRUE', 'OFF', '108'''),
(132, 49, 'TRUE', '', ''),
(118, 49, 'TRUE', '', ''),
(116, 49, 'TRUE', '', ''),
(134, 49, 'TRUE', '', ''),
(135, 49, 'TRUE', '', ''),
(122, 49, 'TRUE', 'OFF', '87'''),
(121, 49, 'TRUE', '', ''),
(125, 49, 'TRUE', 'OFF', '57'''),
(130, 49, 'FALSE', 'IN ', '57'''),
(123, 49, 'FALSE', 'IN ', '87'''),
(127, 49, 'FALSE', 'IN ', '108'''),
(345, 50, 'TRUE', '', ''),
(366, 50, 'TRUE', '', ''),
(357, 50, 'TRUE', '', ''),
(347, 50, 'TRUE', '', ''),
(350, 50, 'TRUE', 'OFF', '53'''),
(360, 50, 'TRUE', '', ''),
(364, 50, 'TRUE', 'OFF', '67'''),
(361, 50, 'TRUE', '', ''),
(351, 50, 'TRUE', '', ''),
(365, 50, 'TRUE', '', ''),
(354, 50, 'TRUE', 'OFF', '53'''),
(355, 50, 'FALSE', 'IN ', '53'''),
(362, 50, 'FALSE', 'IN ', '53'''),
(352, 50, 'FALSE', 'IN ', '67'''),
(346, 50, 'TRUE', '', ''),
(81, 51, 'TRUE', '', ''),
(70, 51, 'TRUE', '', ''),
(72, 51, 'TRUE', '', ''),
(83, 51, 'TRUE', 'OFF', '46'''),
(90, 51, 'TRUE', '', ''),
(75, 51, 'TRUE', '', ''),
(74, 51, 'TRUE', '', ''),
(71, 51, 'TRUE', '', ''),
(86, 51, 'TRUE', '', ''),
(78, 51, 'TRUE', 'OFF', '61'''),
(87, 51, 'TRUE', 'OFF', '75'''),
(73, 51, 'FALSE', 'IN ', '46'''),
(88, 51, 'FALSE', 'IN ', '61'''),
(82, 51, 'FALSE', 'IN ', '75'''),
(207, 52, 'TRUE', '', ''),
(221, 52, 'TRUE', '', ''),
(210, 52, 'TRUE', '', ''),
(225, 52, 'TRUE', '', ''),
(226, 52, 'TRUE', '', ''),
(216, 52, 'TRUE', '', ''),
(208, 52, 'TRUE', 'OFF', '78'''),
(228, 52, 'TRUE', 'OFF', '58'''),
(220, 52, 'TRUE', 'OFF', '69'''),
(222, 52, 'TRUE', '', ''),
(213, 52, 'TRUE', '', ''),
(215, 52, 'FALSE', 'IN ', '58'''),
(223, 52, 'FALSE', 'IN ', '69'''),
(227, 52, 'FALSE', 'IN ', '78'''),
(529, 53, 'TRUE', '', ''),
(533, 53, 'TRUE', '', ''),
(530, 53, 'TRUE', '', ''),
(541, 53, 'TRUE', '', ''),
(550, 53, 'TRUE', '', ''),
(535, 53, 'TRUE', '', ''),
(545, 53, 'TRUE', 'OFF', '59'''),
(538, 53, 'TRUE', '', ''),
(539, 53, 'TRUE', 'OFF', '89'''),
(536, 53, 'TRUE', '', ''),
(537, 53, 'TRUE', '', ''),
(532, 53, 'FALSE', 'IN ', '59'''),
(547, 53, 'FALSE', 'IN ', '89'''),
(666, 54, 'TRUE', '', ''),
(665, 54, 'TRUE', '', ''),
(647, 54, 'TRUE', '', ''),
(648, 54, 'TRUE', 'OFF', '97'''),
(663, 54, 'TRUE', '', ''),
(646, 54, 'TRUE', '', ''),
(651, 54, 'TRUE', '', ''),
(662, 54, 'TRUE', 'OFF', '78'''),
(653, 54, 'TRUE', '', ''),
(656, 54, 'TRUE', '', ''),
(658, 54, 'TRUE', 'OFF', '100'''),
(654, 54, 'FALSE', 'IN ', '78'''),
(645, 54, 'FALSE', 'IN ', '97'''),
(661, 54, 'FALSE', 'IN ', '100'''),
(437, 55, 'TRUE', '', ''),
(438, 55, 'TRUE', '', ''),
(456, 55, 'TRUE', '', ''),
(458, 55, 'TRUE', '', ''),
(449, 55, 'TRUE', '', ''),
(447, 55, 'TRUE', '', ''),
(444, 55, 'TRUE', '', ''),
(459, 55, 'TRUE', '', ''),
(446, 55, 'TRUE', 'OFF', '66'''),
(454, 55, 'TRUE', 'OFF', '113'''),
(455, 55, 'TRUE', 'OFF', '82'''),
(452, 55, 'FALSE', 'IN ', '66'''),
(445, 55, 'FALSE', 'IN ', '82'''),
(451, 55, 'FALSE', 'IN ', '113'''),
(621, 56, 'TRUE', '', ''),
(643, 56, 'TRUE', 'OFF', '32'''),
(623, 56, 'TRUE', '', ''),
(625, 56, 'TRUE', '', ''),
(627, 56, 'TRUE', '', ''),
(640, 56, 'TRUE', '', ''),
(633, 56, 'TRUE', '', ''),
(624, 56, 'TRUE', '', ''),
(639, 56, 'TRUE', 'OFF', '72'''),
(631, 56, 'TRUE', 'OFF', '105+2'''),
(628, 56, 'TRUE', '', ''),
(622, 56, 'FALSE', 'IN ', '32'''),
(638, 56, 'FALSE', 'IN ', '72'''),
(636, 56, 'FALSE', 'IN ', '105+2'''),
(552, 57, 'TRUE', '', ''),
(567, 57, 'TRUE', '', ''),
(571, 57, 'TRUE', '', ''),
(556, 57, 'TRUE', '', ''),
(555, 57, 'TRUE', '', ''),
(558, 57, 'TRUE', '', ''),
(557, 57, 'TRUE', '', ''),
(564, 57, 'TRUE', '', ''),
(569, 57, 'TRUE', 'OFF', '90+3'''),
(559, 57, 'TRUE', 'OFF', '83'''),
(562, 57, 'TRUE', 'OFF', '68'''),
(560, 57, 'FALSE', 'IN ', '68'''),
(570, 57, 'FALSE', 'IN ', '83'''),
(574, 57, 'FALSE', 'IN ', '90+3'''),
(184, 58, 'TRUE', '', ''),
(201, 58, 'TRUE', '', ''),
(185, 58, 'TRUE', '', ''),
(186, 58, 'TRUE', '', ''),
(190, 58, 'TRUE', '', ''),
(194, 58, 'TRUE', 'OFF', '80'''),
(196, 58, 'TRUE', '', ''),
(189, 58, 'TRUE', '', ''),
(197, 58, 'TRUE', 'OFF', '46'''),
(192, 58, 'TRUE', 'OFF', '70'''),
(193, 58, 'TRUE', '', ''),
(202, 58, 'FALSE', 'IN ', '46'''),
(200, 58, 'FALSE', 'IN ', '70'''),
(203, 58, 'FALSE', 'IN ', '80'''),
(667, 59, 'TRUE', '', ''),
(668, 59, 'TRUE', '', ''),
(681, 59, 'TRUE', '', ''),
(670, 59, 'TRUE', '', ''),
(671, 59, 'TRUE', '', ''),
(672, 59, 'TRUE', '', ''),
(674, 59, 'TRUE', '', ''),
(677, 59, 'TRUE', 'OFF', '60'''),
(673, 59, 'TRUE', '', ''),
(676, 59, 'TRUE', 'OFF', '75'''),
(683, 59, 'TRUE', 'OFF', '59'''),
(675, 59, 'FALSE', 'IN ', '59'''),
(680, 59, 'FALSE', 'IN ', '60'''),
(688, 59, 'FALSE', 'IN ', '75'''),
(276, 60, 'TRUE', '', ''),
(277, 60, 'TRUE', '', ''),
(278, 60, 'TRUE', '', ''),
(279, 60, 'TRUE', '', ''),
(292, 60, 'TRUE', 'OFF', '97'''),
(280, 60, 'TRUE', '', ''),
(285, 60, 'TRUE', '', ''),
(282, 60, 'TRUE', '', ''),
(284, 60, 'TRUE', 'OFF', '66'''),
(296, 60, 'FALSE', 'IN ', '66'''),
(283, 60, 'FALSE', 'IN ', '79'''),
(297, 60, 'FALSE', 'IN ', '97'''),
(552, 61, 'TRUE', '', ''),
(567, 61, 'TRUE', '', ''),
(571, 61, 'TRUE', '', ''),
(556, 61, 'TRUE', 'OFF', '46'''),
(555, 61, 'TRUE', '', ''),
(557, 61, 'TRUE', 'OFF', '76'''),
(558, 61, 'TRUE', '', ''),
(564, 61, 'TRUE', '', ''),
(569, 61, 'TRUE', '', ''),
(559, 61, 'TRUE', '', ''),
(562, 61, 'TRUE', 'OFF', '58'''),
(568, 61, 'FALSE', 'IN ', '46'''),
(560, 61, 'FALSE', 'IN ', '58'''),
(565, 61, 'FALSE', 'IN ', '76'''),
(460, 62, 'TRUE', '', ''),
(463, 62, 'TRUE', '', ''),
(474, 62, 'TRUE', '', ''),
(461, 62, 'TRUE', '', ''),
(475, 62, 'TRUE', '', ''),
(465, 62, 'TRUE', '', ''),
(473, 62, 'TRUE', '', ''),
(467, 62, 'TRUE', 'OFF', '81'''),
(469, 62, 'TRUE', '', ''),
(468, 62, 'TRUE', 'OFF', '82'''),
(481, 62, 'TRUE', 'OFF', '101'''),
(477, 62, 'FALSE', 'IN ', '81'''),
(479, 62, 'FALSE', 'IN ', '82'''),
(470, 62, 'FALSE', 'IN ', '101'''),
(138, 63, 'TRUE', 'OFF', '90+3'''),
(140, 63, 'TRUE', '', ''),
(139, 63, 'TRUE', '', ''),
(141, 63, 'TRUE', '', ''),
(152, 63, 'TRUE', '', ''),
(142, 63, 'TRUE', 'OFF', '70'''),
(157, 63, 'TRUE', '', ''),
(153, 63, 'TRUE', 'OFF', '90'''),
(145, 63, 'TRUE', '', ''),
(146, 63, 'TRUE', '', ''),
(148, 63, 'TRUE', '', ''),
(144, 63, 'FALSE', 'IN ', '70'''),
(150, 63, 'FALSE', 'IN ', '90'''),
(159, 63, 'FALSE', 'IN ', '90+3'''),
(460, 64, 'TRUE', '', ''),
(463, 64, 'TRUE', '', ''),
(474, 64, 'TRUE', '', ''),
(461, 64, 'TRUE', '', ''),
(475, 64, 'TRUE', '', ''),
(473, 64, 'TRUE', '', ''),
(465, 64, 'TRUE', '', ''),
(467, 64, 'TRUE', 'OFF', '86'''),
(481, 64, 'TRUE', 'OFF', '46'''),
(469, 64, 'TRUE', '', ''),
(468, 64, 'TRUE', 'OFF', '78'''),
(479, 64, 'FALSE', 'IN ', '46'''),
(477, 64, 'FALSE', 'IN ', '78'''),
(464, 64, 'FALSE', 'IN ', '86'''),
(152, 60, 'TRUE', '', ''),
(142, 60, 'TRUE', '', ''),
(291, 60, 'TRUE', 'OFF', '79'''),
(290, 60, 'TRUE', '', '');

-- --------------------------------------------------------

--
-- Table structure for table `matches`
--

CREATE TABLE IF NOT EXISTS `matches` (
  `Match_ID` int(2) DEFAULT NULL,
  `Day` varchar(3) DEFAULT NULL,
  `Date` varchar(9) DEFAULT NULL,
  `Time` varchar(5) DEFAULT NULL,
  `Team1_country` varchar(18) DEFAULT NULL,
  `Team2_country` varchar(18) DEFAULT NULL,
  `Stage` varchar(14) DEFAULT NULL,
  `Arena_ID` int(2) DEFAULT NULL,
  `Team1_Score` int(1) DEFAULT NULL,
  `Team2_Score` int(1) DEFAULT NULL,
  `Team1_Shootout` varchar(1) DEFAULT NULL,
  `Team2_Shootout` varchar(1) DEFAULT NULL
) ENGINE=InnoDB DEFAULT CHARSET=utf8;

--
-- Dumping data for table `matches`
--

INSERT INTO `matches` (`Match_ID`, `Day`, `Date`, `Time`, `Team1_country`, `Team2_country`, `Stage`, `Arena_ID`, `Team1_Score`, `Team2_Score`, `Team1_Shootout`, `Team2_Shootout`) VALUES
(1, 'Thu', '12-Jun-14', '17:00', 'Brazil', 'Croatia', 'Group A', 4, 3, 1, '', ''),
(2, 'Fri', '13-Jun-14', '13:00', 'Mexico', 'Cameroon', 'Group A', 3, 1, 0, '', ''),
(3, 'Fri', '13-Jun-14', '16:00', 'Spain', 'Netherlands', 'Group B', 5, 1, 5, '', ''),
(4, 'Fri', '13-Jun-14', '18:00', 'Chile', 'Australia', 'Group B', 6, 3, 1, '', ''),
(5, 'Sat', '14-Jun-14', '13:00', 'Colombia', 'Greece', 'Group C', 11, 3, 0, '', ''),
(6, 'Sat', '14-Jun-14', '22:00', 'C?te d''Ivoire', 'Japan', 'Group C', 7, 2, 1, '', ''),
(7, 'Sat', '14-Jun-14', '16:00', 'Uruguay', 'Costa Rica', 'Group D', 9, 1, 3, '', ''),
(8, 'Sat', '14-Jun-14', '18:00', 'England', 'Italy', 'Group D', 1, 1, 2, '', ''),
(9, 'Sun', '15-Jun-14', '13:00', 'Switzerland', 'Ecuador', 'Group E', 12, 2, 1, '', ''),
(10, 'Sun', '15-Jun-14', '16:00', 'France', 'Honduras', 'Group E', 8, 3, 0, '', ''),
(11, 'Sun', '15-Jun-14', '19:00', 'Argentina', 'Bosnia-Herzegovina', 'Group F', 10, 2, 1, '', ''),
(12, 'Mon', '16-Jun-14', '16:00', 'Iran', 'Nigeria', 'Group F', 2, 0, 0, '', ''),
(13, 'Mon', '16-Jun-14', '13:00', 'Germany', 'Portugal', 'Group G', 5, 4, 0, '', ''),
(14, 'Mon', '16-Jun-14', '19:00', 'Ghana', 'United States', 'Group G', 3, 1, 2, '', ''),
(15, 'Tue', '17-Jun-14', '13:00', 'Belgium', 'Algeria', 'Group H', 11, 2, 1, '', ''),
(16, 'Tue', '17-Jun-14', '18:00', 'Russia', 'Korea Republic', 'Group H', 6, 1, 1, '', ''),
(17, 'Tue', '17-Jun-14', '16:00', 'Brazil', 'Mexico', 'Group A', 9, 0, 0, '', ''),
(18, 'Wed', '18-Jun-14', '18:00', 'Cameroon', 'Croatia', 'Group A', 1, 0, 4, '', ''),
(19, 'Wed', '18-Jun-14', '16:00', 'Spain', 'Chile', 'Group B', 10, 0, 2, '', ''),
(20, 'Wed', '18-Jun-14', '13:00', 'Australia', 'Netherlands', 'Group B', 8, 2, 3, '', ''),
(21, 'Thu', '19-Jun-14', '13:00', 'Colombia', 'C?te d''Ivoire', 'Group C', 12, 2, 1, '', ''),
(22, 'Thu', '19-Jun-14', '19:00', 'Japan', 'Greece', 'Group C', 3, 0, 0, '', ''),
(23, 'Thu', '19-Jun-14', '16:00', 'Uruguay', 'England', 'Group D', 4, 2, 1, '', ''),
(24, 'Fri', '20-Jun-14', '13:00', 'Italy', 'Costa Rica', 'Group D', 7, 0, 1, '', ''),
(25, 'Fri', '20-Jun-14', '16:00', 'Switzerland', 'France', 'Group E', 5, 2, 5, '', ''),
(26, 'Fri', '20-Jun-14', '19:00', 'Honduras', 'Ecuador', 'Group E', 2, 1, 2, '', ''),
(27, 'Sat', '21-Jun-14', '13:00', 'Argentina', 'Iran', 'Group F', 11, 1, 0, '', ''),
(28, 'Sat', '21-Jun-14', '18:00', 'Nigeria', 'Bosnia-Herzegovina', 'Group F', 6, 1, 0, '', ''),
(29, 'Sat', '21-Jun-14', '16:00', 'Germany', 'Ghana', 'Group G', 9, 2, 2, '', ''),
(30, 'Sun', '22-Jun-14', '18:00', 'United States', 'Portugal', 'Group G', 1, 2, 2, '', ''),
(31, 'Sun', '22-Jun-14', '13:00', 'Belgium', 'Russia', 'Group H', 10, 1, 0, '', ''),
(32, 'Sun', '22-Jun-14', '16:00', 'Korea Republic', 'Algeria', 'Group H', 8, 2, 4, '', ''),
(33, 'Mon', '23-Jun-14', '17:00', 'Cameroon', 'Brazil', 'Group A', 12, 1, 4, '', ''),
(34, 'Mon', '23-Jun-14', '17:00', 'Croatia', 'Mexico', 'Group A', 7, 1, 3, '', ''),
(35, 'Mon', '23-Jun-14', '13:00', 'Australia', 'Spain', 'Group B', 2, 0, 3, '', ''),
(36, 'Mon', '23-Jun-14', '13:00', 'Netherlands', 'Chile', 'Group B', 4, 2, 0, '', ''),
(37, 'Tue', '24-Jun-14', '16:00', 'Japan', 'Colombia', 'Group C', 6, 1, 4, '', ''),
(38, 'Tue', '24-Jun-14', '17:00', 'Greece', 'C?te d''Ivoire', 'Group C', 9, 2, 1, '', ''),
(39, 'Tue', '24-Jun-14', '13:00', 'Italy', 'Uruguay', 'Group D', 3, 0, 1, '', ''),
(40, 'Tue', '24-Jun-14', '13:00', 'Costa Rica', 'England', 'Group D', 11, 0, 0, '', ''),
(41, 'Wed', '25-Jun-14', '16:00', 'Honduras', 'Switzerland', 'Group E', 1, 0, 3, '', ''),
(42, 'Wed', '25-Jun-14', '17:00', 'Ecuador', 'France', 'Group E', 10, 0, 0, '', ''),
(43, 'Wed', '25-Jun-14', '13:00', 'Nigeria', 'Argentina', 'Group F', 8, 2, 3, '', ''),
(44, 'Wed', '25-Jun-14', '13:00', 'Bosnia-Herzegovina', 'Iran', 'Group F', 5, 3, 1, '', ''),
(45, 'Thu', '26-Jun-14', '13:00', 'United States', 'Germany', 'Group G', 7, 0, 1, '', ''),
(46, 'Thu', '26-Jun-14', '13:00', 'Portugal', 'Ghana', 'Group G', 12, 2, 1, '', ''),
(47, 'Thu', '26-Jun-14', '17:00', 'Korea Republic', 'Belgium', 'Group H', 4, 0, 1, '', ''),
(48, 'Thu', '26-Jun-14', '17:00', 'Algeria', 'Russia', 'Group H', 2, 1, 1, '', ''),
(49, 'Fri', '28-Jun-14', '13:00', 'Brazil', 'Chile', 'Round of 16', 11, 1, 1, '3', '2'),
(50, 'Fri', '28-Jun-14', '17:00', 'Colombia', 'Uruguay', 'Round of 16', 10, 2, 0, '', ''),
(51, 'Sat', '29-Jun-14', '13:00', 'Netherlands', 'Mexico', 'Round of 16', 9, 2, 1, '', ''),
(52, 'Sat', '29-Jun-14', '17:00', 'Costa Rica', 'Greece', 'Round of 16', 7, 1, 1, '5', '3'),
(53, 'Sun', '30-Jun-14', '13:00', 'France', 'Nigeria', 'Round of 16', 12, 2, 0, '', ''),
(54, 'Sun', '30-Jun-14', '17:00', 'Germany', 'Algeria', 'Round of 16', 8, 2, 1, '', ''),
(55, 'Mon', '1-Jul-14', '13:00', 'Argentina', 'Switzerland', 'Round of 16', 4, 1, 0, '', ''),
(56, 'Mon', '1-Jul-14', '17:00', 'Belgium', 'United States', 'Round of 16', 5, 2, 1, '', ''),
(57, 'Fri', '4-Jul-14', '13:00', 'France', 'Germany', 'Quarter-finals', 10, 0, 1, '', ''),
(58, 'Fri', '4-Jul-14', '17:00', 'Brazil', 'Colombia', 'Quarter-finals', 9, 2, 1, '', ''),
(59, 'Sat', '5-Jul-14', '13:00', 'Argentina', 'Belgium', 'Quarter-finals', 12, 1, 0, '4', '3'),
(60, 'Sat', '5-Jul-14', '17:00', 'Netherlands', 'Costa Rica', 'Quarter-finals', 5, 0, 0, '', ''),
(61, 'Tue', '8-Jul-14', '17:00', 'Brazil', 'Germany', 'Semi-finals', 11, 1, 7, '', ''),
(62, 'Wed', '9-Jul-14', '17:00', 'Netherlands', 'Argentina', 'Semi-finals', 4, 0, 0, '2', '4'),
(63, 'Sat', '12-Jul-14', '17:00', 'Brazil', 'Netherlands', 'Third place', 12, 0, 3, '', ''),
(64, 'Sun', '13-Jul-14', '16:00', 'Germany', 'Argentina', 'Final', 10, 1, 0, '', '');

-- --------------------------------------------------------

--
-- Table structure for table `players`
--

CREATE TABLE IF NOT EXISTS `players` (
  `Id` int(3) DEFAULT NULL,
  `Name` varchar(26) DEFAULT NULL,
  `Pos` varchar(2) DEFAULT NULL,
  `Jersey_No` int(3) DEFAULT NULL,
  `Country_ID` int(3) DEFAULT NULL,
  `Caps` int(3) DEFAULT NULL,
  `Club_ID` int(3) DEFAULT NULL,
  `Age` int(4) DEFAULT NULL,
  `Birthday_Year` int(4) DEFAULT NULL,
  `Birthday_Month` int(2) DEFAULT NULL,
  `Birthday_Date` varchar(5) DEFAULT NULL,
  `Captain` varchar(5) DEFAULT NULL
) ENGINE=InnoDB DEFAULT CHARSET=utf8;

--
-- Dumping data for table `players`
--

INSERT INTO `players` (`Id`, `Name`, `Pos`, `Jersey_No`, `Country_ID`, `Caps`, `Club_ID`, `Age`, `Birthday_Year`, `Birthday_Month`, `Birthday_Date`, `Captain`) VALUES
(0, 'Jefferson', 'GK', 1, 27, 9, 21, 31, 1983, 1, '2', 'FALSE'),
(1, 'Dani Alves', 'DF', 2, 27, 75, 239, 31, 1983, 5, '6', 'FALSE'),
(2, 'Thiago Silva', 'DF', 3, 27, 46, 87, 29, 1984, 9, '22', 'TRUE'),
(3, 'David Luiz', 'DF', 4, 27, 36, 57, 27, 1987, 4, '22', 'FALSE'),
(4, 'Fernandinho', 'MF', 5, 27, 7, 58, 29, 1985, 5, '4', 'FALSE'),
(5, 'Marcelo', 'DF', 6, 27, 31, 240, 26, 1988, 5, '12', 'FALSE'),
(6, 'Hulk', 'FW', 7, 27, 35, 219, 27, 1986, 7, '25', 'FALSE'),
(7, 'Paulinho', 'MF', 8, 27, 26, 59, 25, 1988, 7, '25', 'FALSE'),
(8, 'Fred', 'FW', 9, 27, 33, 22, 30, 1983, 10, '3', 'FALSE'),
(9, 'Neymar', 'FW', 10, 27, 49, 239, 22, 1992, 2, '5', 'FALSE'),
(10, 'Oscar', 'MF', 11, 27, 31, 57, 22, 1991, 9, '9', 'FALSE'),
(11, 'J?lio C?sar', 'GK', 12, 27, 80, 32, 34, 1979, 9, '3', 'FALSE'),
(12, 'Dante', 'DF', 13, 27, 12, 108, 30, 1983, 10, '18', 'FALSE'),
(13, 'Maxwell', 'DF', 14, 27, 9, 87, 32, 1981, 8, '27', 'FALSE'),
(14, 'Henrique', 'DF', 15, 27, 5, 147, 27, 1986, 10, '14', 'FALSE'),
(15, 'Ramires', 'MF', 16, 27, 42, 57, 27, 1987, 3, '24', 'FALSE'),
(16, 'Luiz Gustavo', 'MF', 17, 27, 19, 109, 26, 1987, 7, '23', 'FALSE'),
(17, 'Hernanes', 'MF', 18, 27, 24, 148, 29, 1985, 5, '29', 'FALSE'),
(18, 'Willian', 'MF', 19, 27, 7, 57, 25, 1988, 8, '9', 'FALSE'),
(19, 'Bernard', 'FW', 20, 27, 11, 279, 21, 1992, 9, '8', 'FALSE'),
(20, 'J?,FW', '21', 27, 17, 23, 27, 1987, 3, 20, 'FALSE', NULL),
(21, 'Victor', 'GK', 22, 27, 6, 23, 31, 1983, 1, '21', 'FALSE'),
(22, 'Maicon', 'DF', 23, 27, 72, 149, 32, 1981, 7, '26', 'FALSE'),
(23, 'Lo?c Feudjou', 'GK', 1, 34, 2, 31, 22, 1992, 4, '14', 'FALSE'),
(24, 'Beno?t Assou-Ekotto', 'DF', 2, 34, 22, 60, 30, 1984, 3, '24', 'FALSE'),
(25, 'Nicolas Nkoulou', 'DF', 3, 34, 48, 88, 24, 1990, 3, '27', 'FALSE'),
(26, 'C?dric Djeugou?,DF', '4', 34, 3, 31, 21, 1992, 8, 28, 'FALSE', NULL),
(27, 'Dany Nounkeu', 'DF', 5, 34, 16, 266, 28, 1986, 4, '11', 'FALSE'),
(28, 'Alex Song', 'MF', 6, 34, 47, 239, 26, 1987, 9, '9', 'FALSE'),
(29, 'Landry N''Gu?mo', 'MF', 7, 34, 40, 89, 28, 1985, 11, '28', 'FALSE'),
(30, 'Benjamin Moukandjo', 'FW', 8, 34, 17, 90, 25, 1988, 11, '12', 'FALSE'),
(31, 'Samuel Eto''o', 'FW', 9, 34, 117, 57, 33, 1981, 3, '10', 'TRUE'),
(32, 'Vincent Aboubakar', 'FW', 10, 34, 24, 91, 22, 1992, 1, '22', 'FALSE'),
(33, 'Jean Makoun', 'MF', 11, 34, 66, 92, 31, 1983, 5, '29', 'FALSE'),
(34, 'Henri Bedimo', 'DF', 12, 34, 31, 93, 30, 1984, 6, '4', 'FALSE'),
(35, 'Eric Maxim Choupo-Moting', 'FW', 13, 34, 26, 110, 25, 1989, 3, '23', 'FALSE'),
(36, 'Aur?lien Chedjou', 'DF', 14, 34, 31, 267, 28, 1985, 6, '20', 'FALSE'),
(37, 'Pierre Web?,FW', '15', 34, 56, 268, 32, 1982, 1, 20, 'FALSE', NULL),
(38, 'Charles Itandje', 'GK', 16, 34, 9, 269, 31, 1982, 11, '2', 'FALSE'),
(39, 'St?phane Mbia', 'MF', 17, 34, 49, 241, 28, 1986, 5, '20', 'FALSE'),
(40, 'Eyong Enoh', 'MF', 18, 34, 38, 270, 28, 1986, 3, '23', 'FALSE'),
(41, 'Fabrice Olinga', 'FW', 19, 34, 8, 13, 18, 1996, 5, '12', 'FALSE'),
(42, 'Edgar Salli', 'MF', 20, 34, 9, 94, 21, 1992, 8, '17', 'FALSE'),
(43, 'Jo?l Matip', 'MF', 21, 34, 23, 111, 22, 1991, 8, '8', 'FALSE'),
(44, 'Allan Nyom', 'DF', 22, 34, 10, 242, 26, 1988, 5, '10', 'FALSE'),
(45, 'Sammy N''Djock', 'GK', 23, 34, 3, 271, 24, 1990, 2, '25', 'FALSE'),
(46, 'Stipe Pletikosa', 'GK', 1, 49, 111, 220, 35, 1979, 1, '8', 'FALSE'),
(47, '?ime Vrsaljko', 'DF', 2, 49, 7, 150, 22, 1992, 1, '10', 'FALSE'),
(48, 'Danijel Pranji?', 'DF', 3, 49, 50, 130, 32, 1981, 12, '2', 'FALSE'),
(49, 'Ivan Peri?i?', 'MF', 4, 49, 29, 109, 25, 1989, 2, '2', 'FALSE'),
(50, 'Vedran ?orluka', 'DF', 5, 49, 72, 221, 28, 1986, 2, '5', 'FALSE'),
(51, 'Dejan Lovren', 'DF', 6, 49, 25, 61, 24, 1989, 7, '5', 'FALSE'),
(52, 'Ivan Rakiti?', 'MF', 7, 49, 62, 241, 26, 1988, 3, '10', 'FALSE'),
(53, 'Ognjen Vukojevi?', 'MF', 8, 49, 55, 280, 30, 1983, 12, '20', 'FALSE'),
(54, 'Nikica Jelavi?', 'FW', 9, 49, 33, 62, 28, 1985, 8, '27', 'FALSE'),
(55, 'Luka Modri?', 'MF', 10, 49, 75, 240, 28, 1985, 9, '9', 'FALSE'),
(56, 'Darijo Srna', 'DF', 11, 49, 112, 279, 32, 1982, 5, '1', 'TRUE'),
(57, 'Oliver Zelenika', 'GK', 12, 49, 0, 50, 21, 1993, 5, '14', 'FALSE'),
(58, 'Gordon Schildenfeld', 'DF', 13, 49, 21, 130, 29, 1985, 3, '18', 'FALSE'),
(59, 'Marcelo Brozovi?', 'MF', 14, 49, 1, 51, 21, 1992, 11, '16', 'FALSE'),
(60, 'Milan Badelj', 'MF', 15, 49, 9, 112, 25, 1989, 2, '25', 'FALSE'),
(61, 'Ante Rebi?', 'FW', 16, 49, 5, 151, 20, 1993, 9, '21', 'FALSE'),
(62, 'Mario Mand?uki?', 'FW', 17, 49, 50, 108, 28, 1986, 5, '21', 'FALSE'),
(63, 'Ivica Oli?', 'FW', 18, 49, 92, 109, 34, 1979, 9, '14', 'FALSE'),
(64, 'Sammir', 'MF', 19, 49, 6, 243, 27, 1987, 4, '23', 'FALSE'),
(65, 'Mateo Kova?i?', 'MF', 20, 49, 10, 148, 20, 1994, 5, '6', 'FALSE'),
(66, 'Domagoj Vida', 'DF', 21, 49, 23, 280, 25, 1989, 4, '29', 'FALSE'),
(67, 'Eduardo', 'FW', 22, 49, 63, 279, 31, 1983, 2, '25', 'FALSE'),
(68, 'Danijel Suba?i?', 'GK', 23, 49, 6, 95, 29, 1984, 10, '27', 'FALSE'),
(69, 'Jes?s Corona', 'GK', 1, 123, 34, 178, 33, 1981, 1, '26', 'FALSE'),
(70, 'Francisco Javier Rodr?guez', 'DF', 2, 123, 95, 179, 32, 1981, 10, '20', 'FALSE'),
(71, 'Carlos Salcido', 'DF', 3, 123, 122, 180, 34, 1980, 4, '2', 'FALSE'),
(72, 'Rafael M?rquez', 'DF', 4, 123, 120, 181, 35, 1979, 2, '13', 'TRUE'),
(73, 'Diego Reyes', 'DF', 5, 123, 14, 210, 21, 1992, 9, '19', 'FALSE'),
(74, 'H?ctor Herrera', 'MF', 6, 123, 13, 210, 24, 1990, 4, '19', 'FALSE'),
(75, 'Miguel Lay?n', 'DF', 7, 123, 15, 179, 25, 1988, 6, '25', 'FALSE'),
(76, 'Marco Fabi?n,MF', '8', 123, 15, 178, 24, 1989, 7, 21, 'FALSE', NULL),
(77, 'Ra?l Jim?nez', 'FW', 9, 123, 25, 179, 23, 1991, 5, '5', 'FALSE'),
(78, 'Giovani dos Santos', 'FW', 10, 123, 76, 244, 25, 1989, 5, '11', 'FALSE'),
(79, 'Alan Pulido', 'FW', 11, 123, 6, 180, 23, 1991, 3, '8', 'FALSE'),
(80, 'Alfredo Talavera', 'GK', 12, 123, 14, 182, 31, 1982, 9, '18', 'FALSE'),
(81, 'Guillermo Ochoa', 'GK', 13, 123, 59, 96, 28, 1985, 7, '13', 'FALSE'),
(82, 'Javier Hern?ndez', 'FW', 14, 123, 62, 63, 26, 1988, 6, '1', 'FALSE'),
(83, 'H?ctor Moreno', 'DF', 15, 123, 53, 245, 26, 1988, 1, '17', 'FALSE'),
(84, 'Miguel ?ngel Ponce', 'DF', 16, 123, 8, 182, 25, 1989, 4, '12', 'FALSE'),
(85, 'Isa?c Brizuela', 'MF', 17, 123, 7, 182, 23, 1990, 8, '28', 'FALSE'),
(86, 'Andr?s Guardado', 'DF', 18, 123, 104, 113, 27, 1986, 9, '28', 'FALSE'),
(87, 'Oribe Peralta', 'FW', 19, 123, 33, 183, 30, 1984, 1, '12', 'FALSE'),
(88, 'Javier Aquino', 'MF', 20, 123, 22, 244, 24, 1990, 2, '11', 'FALSE'),
(89, 'Carlos Pe?a,MF', '21', 123, 16, 181, 24, 1990, 3, 29, 'FALSE', NULL),
(90, 'Paul Aguilar', 'DF', 22, 123, 30, 179, 28, 1986, 3, '6', 'FALSE'),
(91, 'Jos? Juan V?zquez', 'MF', 23, 123, 5, 181, 26, 1988, 3, '14', 'FALSE'),
(92, 'Mathew Ryan', 'GK', 1, 11, 7, 14, 22, 1992, 4, '8', 'FALSE'),
(93, 'Ivan Franjic', 'DF', 2, 11, 9, 6, 26, 1987, 9, '10', 'FALSE'),
(94, 'Jason Davidson', 'DF', 3, 11, 7, 190, 22, 1991, 6, '29', 'FALSE'),
(95, 'Tim Cahill', 'FW', 4, 11, 69, 285, 34, 1979, 12, '6', 'FALSE'),
(96, 'Mark Milligan', 'MF', 5, 11, 29, 7, 28, 1985, 8, '4', 'FALSE'),
(97, 'Matthew ?piranovic', 'DF', 6, 11, 18, 8, 25, 1988, 6, '27', 'FALSE'),
(98, 'Mathew Leckie', 'FW', 7, 11, 8, 114, 23, 1991, 2, '4', 'FALSE'),
(99, 'Bailey Wright', 'DF', 8, 11, 0, 64, 21, 1992, 7, '28', 'FALSE'),
(100, 'Adam Taggart', 'FW', 9, 11, 5, 9, 21, 1993, 6, '2', 'FALSE'),
(101, 'Ben Halloran', 'MF', 10, 11, 2, 115, 21, 1992, 6, '14', 'FALSE'),
(102, 'Tommy Oar', 'MF', 11, 11, 15, 191, 22, 1991, 12, '10', 'FALSE'),
(103, 'Mitchell Langerak', 'GK', 12, 11, 3, 116, 25, 1988, 8, '22', 'FALSE'),
(104, 'Oliver Bozanic', 'MF', 13, 11, 3, 258, 25, 1989, 1, '8', 'FALSE'),
(105, 'James Troisi', 'MF', 14, 11, 11, 7, 25, 1988, 7, '3', 'FALSE'),
(106, 'Mile Jedinak', 'MF', 15, 11, 44, 65, 29, 1984, 8, '3', 'TRUE'),
(107, 'James Holland', 'MF', 16, 11, 14, 11, 25, 1989, 5, '15', 'FALSE'),
(108, 'Matt McKay', 'MF', 17, 11, 47, 6, 31, 1983, 1, '11', 'FALSE'),
(109, 'Eugene Galekovi?', 'GK', 18, 11, 8, 10, 33, 1981, 6, '12', 'FALSE'),
(110, 'Ryan McGowan', 'DF', 19, 11, 9, 37, 24, 1989, 8, '15', 'FALSE'),
(111, 'Dario Vido?i?', 'MF', 20, 11, 23, 259, 27, 1987, 4, '8', 'FALSE'),
(112, 'Massimo Luongo', 'MF', 21, 11, 1, 66, 21, 1992, 9, '25', 'FALSE'),
(113, 'Alex Wilkinson', 'DF', 22, 11, 3, 234, 29, 1984, 8, '13', 'FALSE'),
(114, 'Mark Bresciano', 'MF', 23, 11, 74, 216, 34, 1980, 2, '11', 'FALSE'),
(115, 'Claudio Bravo', 'GK', 1, 40, 79, 246, 31, 1983, 4, '13', 'TRUE'),
(116, 'Eugenio Mena', 'DF', 2, 40, 25, 24, 25, 1988, 7, '18', 'FALSE'),
(117, 'Miiko Albornoz', 'DF', 3, 40, 2, 256, 23, 1990, 11, '30', 'FALSE'),
(118, 'Mauricio Isla', 'MF', 4, 40, 47, 152, 26, 1988, 6, '12', 'FALSE'),
(119, 'Francisco Silva', 'MF', 5, 40, 12, 247, 28, 1986, 2, '11', 'FALSE'),
(120, 'Carlos Carmona', 'MF', 6, 40, 44, 153, 27, 1987, 2, '21', 'FALSE'),
(121, 'Alexis S?nchez', 'FW', 7, 40, 67, 239, 25, 1988, 12, '19', 'FALSE'),
(122, 'Arturo Vidal', 'MF', 8, 40, 54, 152, 27, 1987, 5, '22', 'FALSE'),
(123, 'Mauricio Pinilla', 'FW', 9, 40, 27, 154, 30, 1984, 2, '4', 'FALSE'),
(124, 'Jorge Valdivia', 'MF', 10, 40, 57, 25, 30, 1983, 10, '3', 'FALSE'),
(125, 'Eduardo Vargas', 'FW', 11, 40, 30, 248, 24, 1989, 11, '20', 'FALSE'),
(126, 'Cristopher Toselli', 'GK', 12, 40, 4, 34, 25, 1988, 6, '22', 'FALSE'),
(127, 'Jos? Manuel Rojas', 'DF', 13, 40, 19, 35, 31, 1983, 6, '3', 'FALSE'),
(128, 'Fabi?n Orellana', 'MF', 14, 40, 26, 249, 28, 1986, 1, '27', 'FALSE'),
(129, 'Jean Beausejour', 'MF', 15, 40, 59, 67, 30, 1984, 6, '3', 'FALSE'),
(130, 'Felipe Guti?rrez', 'MF', 16, 40, 18, 192, 23, 1990, 10, '8', 'FALSE'),
(131, 'Gary Medel', 'DF', 17, 40, 61, 68, 26, 1987, 8, '3', 'FALSE'),
(132, 'Gonzalo Jara', 'DF', 18, 40, 65, 69, 28, 1985, 8, '29', 'FALSE'),
(133, 'Jos? Pedro Fuenzalida', 'MF', 19, 40, 23, 36, 29, 1985, 2, '22', 'FALSE'),
(134, 'Charles Ar?nguiz', 'MF', 20, 40, 21, 26, 25, 1989, 4, '17', 'FALSE'),
(135, 'Marcelo D?az', 'MF', 21, 40, 21, 260, 27, 1986, 12, '30', 'FALSE'),
(136, 'Esteban Paredes', 'FW', 22, 40, 35, 36, 33, 1980, 8, '1', 'FALSE'),
(137, 'Johnny Herrera', 'GK', 23, 40, 8, 35, 33, 1981, 5, '9', 'FALSE'),
(138, 'Jasper Cillessen', 'GK', 1, 133, 8, 193, 25, 1989, 4, '22', 'FALSE'),
(139, 'Ron Vlaar', 'DF', 2, 133, 24, 70, 29, 1985, 2, '16', 'FALSE'),
(140, 'Stefan de Vrij', 'DF', 3, 133, 12, 194, 22, 1992, 2, '5', 'FALSE'),
(141, 'Bruno Martins Indi', 'DF', 4, 133, 16, 194, 22, 1992, 2, '8', 'FALSE'),
(142, 'Daley Blind', 'DF', 5, 133, 12, 193, 24, 1990, 3, '9', 'FALSE'),
(143, 'Nigel de Jong', 'MF', 6, 133, 71, 155, 29, 1984, 11, '30', 'FALSE'),
(144, 'Daryl Janmaat', 'DF', 7, 133, 16, 194, 24, 1989, 7, '22', 'FALSE'),
(145, 'Jonathan de Guzm?n,MF', '8', 133, 10, 71, 26, 1987, 9, 13, 'FALSE', NULL),
(146, 'Robin van Persie', 'FW', 9, 133, 85, 63, 30, 1983, 8, '6', 'TRUE'),
(147, 'Wesley Sneijder', 'MF', 10, 133, 99, 267, 30, 1984, 6, '9', 'FALSE'),
(148, 'Arjen Robben', 'FW', 11, 133, 75, 108, 30, 1984, 1, '23', 'FALSE'),
(149, 'Paul Verhaegh', 'DF', 12, 133, 2, 117, 30, 1983, 9, '1', 'FALSE'),
(150, 'Jo?l Veltman', 'DF', 13, 133, 2, 193, 22, 1992, 1, '15', 'FALSE'),
(151, 'Terence Kongolo', 'DF', 14, 133, 1, 194, 20, 1994, 2, '14', 'FALSE'),
(152, 'Dirk Kuyt', 'FW', 15, 133, 98, 268, 33, 1980, 7, '22', 'FALSE'),
(153, 'Jordy Clasie', 'MF', 16, 133, 8, 194, 22, 1991, 6, '27', 'FALSE'),
(154, 'Jeremain Lens', 'FW', 17, 133, 22, 280, 26, 1987, 11, '24', 'FALSE'),
(155, 'Leroy Fer', 'MF', 18, 133, 6, 72, 24, 1990, 1, '5', 'FALSE'),
(156, 'Klaas-Jan Huntelaar', 'FW', 19, 133, 62, 111, 30, 1983, 8, '12', 'FALSE'),
(157, 'Georginio Wijnaldum', 'MF', 20, 133, 5, 195, 23, 1990, 11, '11', 'FALSE'),
(158, 'Memphis Depay', 'FW', 21, 133, 6, 195, 20, 1994, 2, '13', 'FALSE'),
(159, 'Michel Vorm', 'GK', 22, 133, 14, 71, 30, 1983, 10, '20', 'FALSE'),
(160, 'Tim Krul', 'GK', 23, 133, 5, 73, 26, 1988, 4, '3', 'FALSE'),
(161, 'Iker Casillas', 'GK', 1, 176, 154, 240, 33, 1981, 5, '20', 'TRUE'),
(162, 'Ra?l Albiol', 'DF', 2, 176, 46, 147, 28, 1985, 9, '4', 'FALSE'),
(163, 'Gerard Piqu?,DF', '3', 176, 60, 239, 27, 1987, 2, 2, 'FALSE', NULL),
(164, 'Javi Mart?nez', 'MF', 4, 176, 17, 108, 25, 1988, 9, '2', 'FALSE'),
(165, 'Juanfran', 'DF', 5, 176, 8, 250, 29, 1985, 1, '9', 'FALSE'),
(166, 'Andr?s Iniesta', 'MF', 6, 176, 97, 239, 30, 1984, 5, '11', 'FALSE'),
(167, 'David Villa', 'FW', 7, 176, 96, 250, 32, 1981, 12, '3', 'FALSE'),
(168, 'Xavi', 'MF', 8, 176, 132, 239, 34, 1980, 1, '25', 'FALSE'),
(169, 'Fernando Torres', 'FW', 9, 176, 107, 57, 30, 1984, 3, '20', 'FALSE'),
(170, 'Cesc F?bregas', 'MF', 10, 176, 89, 239, 27, 1987, 5, '4', 'FALSE'),
(171, 'Pedro', 'FW', 11, 176, 40, 239, 26, 1987, 7, '28', 'FALSE'),
(172, 'David de Gea', 'GK', 12, 176, 1, 63, 23, 1990, 11, '7', 'FALSE'),
(173, 'Juan Mata', 'MF', 13, 176, 33, 63, 26, 1988, 4, '28', 'FALSE'),
(174, 'Xabi Alonso', 'MF', 14, 176, 111, 240, 32, 1981, 11, '25', 'FALSE'),
(175, 'Sergio Ramos', 'DF', 15, 176, 117, 240, 28, 1986, 3, '30', 'FALSE'),
(176, 'Sergio Busquets', 'MF', 16, 176, 65, 239, 25, 1988, 7, '16', 'FALSE'),
(177, 'Koke', 'MF', 17, 176, 8, 250, 22, 1992, 1, '8', 'FALSE'),
(178, 'Jordi Alba', 'DF', 18, 176, 26, 239, 25, 1989, 3, '21', 'FALSE'),
(179, 'Diego Costa', 'FW', 19, 176, 2, 250, 25, 1988, 10, '7', 'FALSE'),
(180, 'Santi Cazorla', 'MF', 20, 176, 64, 74, 29, 1984, 12, '13', 'FALSE'),
(181, 'David Silva', 'MF', 21, 176, 80, 58, 28, 1986, 1, '8', 'FALSE'),
(182, 'C?sar Azpilicueta', 'DF', 22, 176, 6, 57, 24, 1989, 8, '28', 'FALSE'),
(183, 'Pepe Reina', 'GK', 23, 176, 32, 147, 31, 1982, 8, '31', 'FALSE'),
(184, 'David Ospina', 'GK', 1, 43, 44, 97, 25, 1988, 8, '31', 'FALSE'),
(185, 'Cristi?n Zapata', 'DF', 2, 43, 24, 155, 27, 1986, 9, '30', 'FALSE'),
(186, 'Mario Yepes', 'DF', 3, 43, 98, 153, 38, 1976, 1, '13', 'TRUE'),
(187, 'Santiago Arias', 'DF', 4, 43, 6, 195, 22, 1992, 1, '13', 'FALSE'),
(188, 'Carlos Carbonero', 'MF', 5, 43, 1, 2, 23, 1990, 7, '25', 'FALSE'),
(189, 'Carlos S?nchez', 'MF', 6, 43, 44, 251, 28, 1986, 2, '6', 'FALSE'),
(190, 'Pablo Armero', 'DF', 7, 43, 53, 75, 27, 1986, 11, '2', 'FALSE'),
(191, 'Abel Aguilar', 'MF', 8, 43, 49, 98, 29, 1985, 1, '6', 'FALSE'),
(192, 'Te?filo Guti?rrez', 'FW', 9, 43, 30, 2, 29, 1985, 5, '17', 'FALSE'),
(193, 'James Rodr?guez', 'MF', 10, 43, 22, 95, 22, 1991, 7, '12', 'FALSE'),
(194, 'Juan Cuadrado', 'MF', 11, 43, 28, 151, 26, 1988, 5, '26', 'FALSE'),
(195, 'Camilo Vargas', 'GK', 12, 43, 0, 43, 25, 1989, 3, '9', 'FALSE'),
(196, 'Fredy Guar?n,MF', '13', 43, 49, 148, 27, 1986, 6, 30, 'FALSE', NULL),
(197, 'V?ctor Ibarbo', 'FW', 14, 43, 9, 154, 24, 1990, 5, '19', 'FALSE'),
(198, 'Alexander Mej?a,MF', '15', 43, 8, 44, 25, 1988, 7, 11, 'FALSE', NULL),
(199, '?der ?lvarez Balanta', 'DF', 16, 43, 3, 2, 21, 1993, 2, '28', 'FALSE'),
(200, 'Carlos Bacca', 'FW', 17, 43, 11, 241, 27, 1986, 9, '8', 'FALSE'),
(201, 'Juan Camilo Z??iga', 'DF', 18, 43, 50, 147, 28, 1985, 12, '14', 'FALSE'),
(202, 'Adri?n Ramos', 'FW', 19, 43, 26, 118, 28, 1986, 1, '22', 'FALSE'),
(203, 'Juan Fernando Quintero', 'MF', 20, 43, 4, 210, 21, 1993, 1, '18', 'FALSE'),
(204, 'Jackson Mart?nez', 'FW', 21, 43, 27, 210, 27, 1986, 10, '3', 'FALSE'),
(205, 'Faryd Mondrag?n,GK', '22', 43, 50, 45, 42, 1971, 6, 21, 'FALSE', NULL),
(206, 'Carlos Vald?s,DF', '23', 43, 14, 3, 29, 1985, 5, 22, 'FALSE', NULL),
(207, 'Orestis Karnezis', 'GK', 1, 76, 19, 242, 28, 1985, 7, '11', 'FALSE'),
(208, 'Giannis Maniatis', 'MF', 2, 76, 30, 131, 27, 1986, 10, '12', 'FALSE'),
(209, 'Giorgos Tzavellas', 'DF', 3, 76, 13, 132, 26, 1987, 11, '26', 'FALSE'),
(210, 'Kostas Manolas', 'DF', 4, 76, 9, 131, 22, 1991, 6, '14', 'FALSE'),
(211, 'Vangelis Moras', 'DF', 5, 76, 19, 156, 32, 1981, 8, '26', 'FALSE'),
(212, 'Alexandros Tziolis', 'MF', 6, 76, 49, 272, 29, 1985, 2, '13', 'FALSE'),
(213, 'Georgios Samaras', 'FW', 7, 76, 74, 231, 29, 1985, 2, '21', 'FALSE'),
(214, 'Panagiotis Kone', 'MF', 8, 76, 16, 157, 26, 1987, 7, '26', 'FALSE'),
(215, 'Konstantinos Mitroglou', 'FW', 9, 76, 32, 76, 26, 1988, 3, '12', 'FALSE'),
(216, 'Giorgos Karagounis', 'MF', 10, 76, 135, 76, 37, 1977, 3, '6', 'TRUE'),
(217, 'Loukas Vyntra', 'DF', 11, 76, 50, 252, 33, 1981, 2, '5', 'FALSE'),
(218, 'Panagiotis Glykos', 'GK', 12, 76, 2, 132, 28, 1986, 6, '3', 'FALSE'),
(219, 'Stefanos Kapino', 'GK', 13, 76, 2, 130, 20, 1994, 3, '18', 'FALSE'),
(220, 'Dimitris Salpingidis', 'FW', 14, 76, 76, 132, 32, 1981, 8, '18', 'FALSE'),
(221, 'Vasilis Torosidis', 'DF', 15, 76, 66, 149, 29, 1985, 6, '10', 'FALSE'),
(222, 'Lazaros Christodoulopoulos', 'MF', 16, 76, 19, 157, 27, 1986, 12, '19', 'FALSE'),
(223, 'Theofanis Gekas', 'FW', 17, 76, 72, 269, 34, 1980, 5, '23', 'FALSE'),
(224, 'Giannis Fetfatzidis', 'MF', 18, 76, 19, 150, 23, 1990, 12, '21', 'FALSE'),
(225, 'Sokratis Papastathopoulos', 'DF', 19, 76, 47, 116, 26, 1988, 6, '9', 'FALSE'),
(226, 'Jos? Holebas', 'DF', 20, 76, 22, 131, 29, 1984, 6, '27', 'FALSE'),
(227, 'Kostas Katsouranis', 'MF', 21, 76, 111, 132, 34, 1979, 6, '21', 'FALSE'),
(228, 'Andreas Samaris', 'MF', 22, 76, 4, 131, 24, 1989, 6, '13', 'FALSE'),
(229, 'Panagiotis Tachtsidis', 'MF', 23, 76, 6, 158, 23, 1991, 2, '15', 'FALSE'),
(230, 'Boubacar Barry', 'GK', 1, 94, 77, 15, 34, 1979, 12, '30', 'FALSE'),
(231, 'Ousmane Viera', 'DF', 2, 94, 1, 273, 27, 1986, 12, '21', 'FALSE'),
(232, 'Arthur Boka', 'DF', 3, 94, 78, 119, 31, 1983, 4, '2', 'FALSE'),
(233, 'Kolo Tour?,DF', '4', 94, 107, 77, 33, 1981, 3, 19, 'FALSE', NULL),
(234, 'Didier Zokora', 'DF', 5, 94, 119, 274, 33, 1980, 12, '14', 'FALSE'),
(235, 'Mathis Bolly', 'FW', 6, 94, 4, 115, 23, 1990, 11, '14', 'FALSE'),
(236, 'Jean-Daniel Akpa-Akpro', 'DF', 7, 94, 1, 98, 21, 1992, 10, '11', 'FALSE'),
(237, 'Salomon Kalou', 'FW', 8, 94, 67, 99, 28, 1985, 8, '5', 'FALSE'),
(238, 'Cheick Tiot?,MF', '9', 94, 43, 73, 27, 1986, 6, 21, 'FALSE', NULL),
(239, 'Gervinho', 'FW', 10, 94, 53, 149, 27, 1987, 5, '27', 'FALSE'),
(240, 'Didier Drogba', 'FW', 11, 94, 101, 267, 36, 1978, 3, '11', 'TRUE'),
(241, 'Wilfried Bony', 'FW', 12, 94, 24, 71, 25, 1988, 12, '10', 'FALSE'),
(242, 'Didier Ya Konan', 'FW', 13, 94, 25, 120, 30, 1984, 5, '22', 'FALSE'),
(243, 'Isma?l Diomand?,MF', '14', 94, 2, 100, 21, 1992, 8, 28, 'FALSE', NULL),
(244, 'Max Gradel', 'FW', 15, 94, 26, 100, 26, 1987, 11, '30', 'FALSE'),
(245, 'Sylvain Gbohouo', 'GK', 16, 94, 2, 167, 25, 1988, 10, '29', 'FALSE'),
(246, 'Serge Aurier', 'DF', 17, 94, 8, 98, 21, 1992, 12, '24', 'FALSE'),
(247, 'Constant Djakpa', 'DF', 18, 94, 5, 121, 27, 1986, 10, '17', 'FALSE'),
(248, 'Yaya Tour?,MF', '19', 94, 82, 58, 31, 1983, 5, 13, 'FALSE', NULL),
(249, 'Serey Die', 'MF', 20, 94, 7, 260, 29, 1984, 11, '7', 'FALSE'),
(250, 'Giovanni Sio', 'FW', 21, 94, 7, 260, 25, 1989, 3, '31', 'FALSE'),
(251, 'Sol Bamba', 'DF', 22, 94, 43, 274, 29, 1985, 1, '13', 'FALSE'),
(252, 'Sayouba Mand?,GK', '23', 94, 1, 204, 20, 1993, 6, 15, 'FALSE', NULL),
(253, 'Eiji Kawashima', 'GK', 1, 96, 56, 16, 31, 1983, 3, '20', 'FALSE'),
(254, 'Atsuto Uchida', 'DF', 2, 96, 68, 111, 26, 1988, 3, '27', 'FALSE'),
(255, 'G?toku Sakai', 'DF', 3, 96, 12, 119, 23, 1991, 3, '14', 'FALSE'),
(256, 'Keisuke Honda', 'MF', 4, 96, 56, 155, 27, 1986, 6, '13', 'FALSE'),
(257, 'Yuto Nagatomo', 'DF', 5, 96, 70, 148, 27, 1986, 9, '12', 'FALSE'),
(258, 'Masato Morishige', 'DF', 6, 96, 10, 168, 27, 1987, 5, '21', 'FALSE'),
(259, 'Yasuhito End?', 'MF', 7, 96, 144, 169, 34, 1980, 1, '28', 'FALSE'),
(260, 'Hiroshi Kiyotake', 'MF', 8, 96, 25, 122, 24, 1989, 11, '12', 'FALSE'),
(261, 'Shinji Okazaki', 'FW', 9, 96, 76, 110, 28, 1986, 4, '16', 'FALSE'),
(262, 'Shinji Kagawa', 'MF', 10, 96, 57, 63, 25, 1989, 3, '17', 'FALSE'),
(263, 'Yoichiro Kakitani', 'FW', 11, 96, 12, 170, 24, 1990, 1, '3', 'FALSE'),
(264, 'Shusaku Nishikawa', 'GK', 12, 96, 13, 171, 27, 1986, 6, '18', 'FALSE'),
(265, 'Yoshito ?kubo', 'FW', 13, 96, 57, 172, 32, 1982, 6, '9', 'FALSE'),
(266, 'Toshihiro Aoyama', 'MF', 14, 96, 6, 173, 28, 1986, 2, '22', 'FALSE'),
(267, 'Yasuyuki Konno', 'DF', 15, 96, 81, 169, 31, 1983, 1, '25', 'FALSE'),
(268, 'Hotaru Yamaguchi', 'MF', 16, 96, 12, 170, 23, 1990, 10, '6', 'FALSE'),
(269, 'Makoto Hasebe', 'MF', 17, 96, 78, 122, 30, 1984, 1, '18', 'TRUE'),
(270, 'Yuya Osako', 'FW', 18, 96, 9, 123, 24, 1990, 5, '18', 'FALSE'),
(271, 'Masahiko Inoha', 'DF', 19, 96, 21, 174, 30, 1983, 8, '28', 'FALSE'),
(272, 'Manabu Sait?', 'FW', 20, 96, 5, 175, 24, 1990, 4, '4', 'FALSE'),
(273, 'Hiroki Sakai', 'DF', 21, 96, 18, 120, 24, 1990, 4, '12', 'FALSE'),
(274, 'Maya Yoshida', 'DF', 22, 96, 41, 61, 25, 1988, 8, '24', 'FALSE'),
(275, 'Sh?ichi Gonda', 'GK', 23, 96, 2, 168, 25, 1989, 3, '3', 'FALSE'),
(276, 'Keylor Navas', 'GK', 1, 48, 53, 252, 27, 1986, 12, '15', 'FALSE'),
(277, 'Johnny Acosta', 'DF', 2, 48, 25, 46, 30, 1983, 7, '21', 'FALSE'),
(278, 'Giancarlo Gonz?lez', 'DF', 3, 48, 35, 286, 26, 1988, 2, '8', 'FALSE'),
(279, 'Michael Uma?a,DF', '4', 48, 83, 47, 31, 1982, 7, 16, 'FALSE', NULL),
(280, 'Celso Borges', 'MF', 5, 48, 63, 257, 26, 1988, 5, '27', 'FALSE'),
(281, '?scar Duarte', 'DF', 6, 48, 11, 14, 25, 1989, 6, '3', 'FALSE'),
(282, 'Christian Bola?os,MF', '7', 48, 55, 53, 30, 1984, 5, 17, 'FALSE', NULL),
(283, 'David Myrie', 'DF', 8, 48, 10, 48, 26, 1988, 6, '1', 'FALSE'),
(284, 'Joel Campbell', 'FW', 9, 48, 33, 131, 21, 1992, 6, '26', 'FALSE'),
(285, 'Bryan Ruiz', 'FW', 10, 48, 63, 195, 28, 1985, 8, '18', 'TRUE'),
(286, 'Michael Barrantes', 'MF', 11, 48, 50, 205, 30, 1983, 10, '4', 'FALSE'),
(287, 'Waylon Francis', 'DF', 12, 48, 1, 286, 23, 1990, 9, '20', 'FALSE'),
(288, '?scar Esteban Granados', 'MF', 13, 48, 11, 48, 28, 1985, 10, '25', 'FALSE'),
(289, 'Randall Brenes', 'FW', 14, 48, 39, 49, 30, 1983, 8, '13', 'FALSE'),
(290, 'J?nior D?az', 'DF', 15, 48, 62, 110, 30, 1983, 9, '12', 'FALSE'),
(291, 'Cristian Gamboa', 'DF', 16, 48, 25, 206, 24, 1989, 10, '24', 'FALSE'),
(292, 'Yeltsin Tejeda', 'MF', 17, 48, 22, 47, 22, 1992, 3, '17', 'FALSE'),
(293, 'Patrick Pemberton', 'GK', 18, 48, 21, 46, 32, 1982, 4, '24', 'FALSE'),
(294, 'Roy Miller', 'DF', 19, 48, 48, 285, 29, 1984, 11, '24', 'FALSE'),
(295, 'Diego Calvo', 'MF', 20, 48, 10, 207, 23, 1991, 3, '25', 'FALSE'),
(296, 'Marco Ure?a,FW', '21', 48, 24, 222, 24, 1990, 3, 5, 'FALSE', NULL),
(297, 'Jos? Miguel Cubero', 'MF', 22, 48, 35, 48, 27, 1987, 2, '14', 'FALSE'),
(298, 'Daniel Cambronero', 'GK', 23, 48, 4, 48, 26, 1987, 12, '1', 'FALSE'),
(299, 'Joe Hart', 'GK', 1, 61, 41, 58, 27, 1987, 4, '19', 'FALSE'),
(300, 'Glen Johnson', 'DF', 2, 61, 52, 77, 29, 1984, 8, '23', 'FALSE'),
(301, 'Leighton Baines', 'DF', 3, 61, 24, 78, 29, 1984, 12, '11', 'FALSE'),
(302, 'Steven Gerrard', 'MF', 4, 61, 111, 77, 34, 1980, 5, '30', 'TRUE'),
(303, 'Gary Cahill', 'DF', 5, 61, 24, 57, 28, 1985, 12, '19', 'FALSE'),
(304, 'Phil Jagielka', 'DF', 6, 61, 26, 78, 31, 1982, 8, '17', 'FALSE'),
(305, 'Jack Wilshere', 'MF', 7, 61, 18, 74, 22, 1992, 1, '1', 'FALSE'),
(306, 'Frank Lampard', 'MF', 8, 61, 105, 57, 35, 1978, 6, '20', 'FALSE'),
(307, 'Daniel Sturridge', 'FW', 9, 61, 12, 77, 24, 1989, 9, '1', 'FALSE'),
(308, 'Wayne Rooney', 'FW', 10, 61, 92, 63, 28, 1985, 10, '24', 'FALSE'),
(309, 'Danny Welbeck', 'FW', 11, 61, 24, 63, 23, 1990, 11, '26', 'FALSE'),
(310, 'Chris Smalling', 'DF', 12, 61, 12, 63, 24, 1989, 11, '22', 'FALSE'),
(311, 'Ben Foster', 'GK', 13, 61, 7, 79, 31, 1983, 5, '3', 'FALSE'),
(312, 'Jordan Henderson', 'MF', 14, 61, 11, 77, 23, 1990, 6, '17', 'FALSE'),
(313, 'Alex Oxlade-Chamberlain', 'MF', 15, 61, 15, 74, 20, 1993, 8, '15', 'FALSE'),
(314, 'Phil Jones', 'DF', 16, 61, 10, 63, 22, 1992, 2, '21', 'FALSE'),
(315, 'James Milner', 'MF', 17, 61, 47, 58, 28, 1986, 1, '4', 'FALSE'),
(316, 'Rickie Lambert', 'FW', 18, 61, 6, 61, 32, 1982, 2, '16', 'FALSE'),
(317, 'Raheem Sterling', 'MF', 19, 61, 4, 77, 19, 1994, 12, '8', 'FALSE'),
(318, 'Adam Lallana', 'MF', 20, 61, 6, 61, 26, 1988, 5, '10', 'FALSE'),
(319, 'Ross Barkley', 'MF', 21, 61, 6, 78, 20, 1993, 12, '5', 'FALSE'),
(320, 'Fraser Forster', 'GK', 22, 61, 2, 231, 26, 1988, 3, '17', 'FALSE'),
(321, 'Luke Shaw', 'DF', 23, 61, 2, 61, 18, 1995, 7, '12', 'FALSE'),
(322, 'Gianluigi Buffon', 'GK', 1, 93, 140, 152, 36, 1978, 1, '28', 'TRUE'),
(323, 'Mattia De Sciglio', 'DF', 2, 93, 11, 155, 21, 1992, 10, '20', 'FALSE'),
(324, 'Giorgio Chiellini', 'DF', 3, 93, 68, 152, 29, 1984, 8, '14', 'FALSE'),
(325, 'Matteo Darmian', 'DF', 4, 93, 1, 158, 24, 1989, 12, '2', 'FALSE'),
(326, 'Thiago Motta', 'MF', 5, 93, 20, 87, 31, 1982, 8, '28', 'FALSE'),
(327, 'Antonio Candreva', 'MF', 6, 93, 20, 159, 27, 1987, 2, '28', 'FALSE'),
(328, 'Ignazio Abate', 'DF', 7, 93, 20, 155, 27, 1986, 11, '12', 'FALSE'),
(329, 'Claudio Marchisio', 'MF', 8, 93, 44, 152, 28, 1986, 1, '19', 'FALSE'),
(330, 'Mario Balotelli', 'FW', 9, 93, 30, 155, 23, 1990, 8, '12', 'FALSE'),
(331, 'Antonio Cassano', 'FW', 10, 93, 37, 160, 31, 1982, 7, '12', 'FALSE'),
(332, 'Alessio Cerci', 'FW', 11, 93, 12, 158, 26, 1987, 7, '23', 'FALSE'),
(333, 'Salvatore Sirigu', 'GK', 12, 93, 8, 87, 27, 1987, 1, '12', 'FALSE'),
(334, 'Mattia Perin', 'GK', 13, 93, 0, 150, 21, 1992, 11, '10', 'FALSE'),
(335, 'Alberto Aquilani', 'MF', 14, 93, 35, 151, 29, 1984, 7, '7', 'FALSE'),
(336, 'Andrea Barzagli', 'DF', 15, 93, 47, 152, 33, 1981, 5, '8', 'FALSE'),
(337, 'Daniele De Rossi', 'MF', 16, 93, 95, 149, 30, 1983, 7, '24', 'FALSE'),
(338, 'Ciro Immobile', 'FW', 17, 93, 2, 158, 24, 1990, 2, '20', 'FALSE'),
(339, 'Marco Parolo', 'MF', 18, 93, 4, 160, 29, 1985, 1, '25', 'FALSE'),
(340, 'Leonardo Bonucci', 'DF', 19, 93, 37, 152, 27, 1987, 5, '1', 'FALSE'),
(341, 'Gabriel Paletta', 'DF', 20, 93, 2, 160, 28, 1986, 2, '15', 'FALSE'),
(342, 'Andrea Pirlo', 'MF', 21, 93, 109, 152, 35, 1979, 5, '19', 'FALSE'),
(343, 'Lorenzo Insigne', 'FW', 22, 93, 5, 147, 23, 1991, 6, '4', 'FALSE'),
(344, 'Marco Verratti', 'MF', 23, 93, 6, 87, 21, 1992, 11, '5', 'FALSE'),
(345, 'Fernando Muslera', 'GK', 1, 200, 58, 267, 27, 1986, 6, '16', 'FALSE'),
(346, 'Diego Lugano', 'DF', 2, 200, 94, 79, 33, 1980, 11, '2', 'TRUE'),
(347, 'Diego God?n,DF', '3', 200, 77, 250, 28, 1986, 2, 16, 'FALSE', NULL),
(348, 'Jorge Fucile', 'DF', 4, 200, 42, 210, 29, 1984, 11, '19', 'FALSE'),
(349, 'Walter Gargano', 'MF', 5, 200, 63, 160, 29, 1984, 7, '23', 'FALSE'),
(350, '?lvaro Pereira', 'MF', 6, 200, 57, 27, 28, 1985, 11, '28', 'FALSE'),
(351, 'Cristian Rodr?guez', 'MF', 7, 200, 73, 250, 28, 1985, 9, '30', 'FALSE'),
(352, 'Abel Hern?ndez', 'FW', 8, 200, 12, 161, 23, 1990, 8, '8', 'FALSE'),
(353, 'Luis Su?rez', 'FW', 9, 200, 77, 77, 27, 1987, 1, '24', 'FALSE'),
(354, 'Diego Forl?n,FW', '10', 200, 110, 170, 35, 1979, 5, 19, 'FALSE', NULL),
(355, 'Cristhian Stuani', 'FW', 11, 200, 10, 245, 27, 1986, 10, '12', 'FALSE'),
(356, 'Rodrigo Mu?oz,GK', '12', 200, 0, 209, 32, 1982, 1, 22, 'FALSE', NULL),
(357, 'Jos? Gim?nez', 'DF', 13, 200, 6, 250, 19, 1995, 1, '20', 'FALSE'),
(358, 'Nicol?s Lodeiro', 'MF', 14, 200, 26, 21, 25, 1989, 3, '21', 'FALSE'),
(359, 'Diego P?rez', 'MF', 15, 200, 89, 157, 34, 1980, 5, '18', 'FALSE'),
(360, 'Maxi Pereira', 'DF', 16, 200, 90, 211, 30, 1984, 6, '8', 'FALSE'),
(361, 'Egidio Ar?valo R?os', 'MF', 17, 200, 55, 184, 32, 1982, 1, '1', 'FALSE'),
(362, 'Gast?n Ram?rez', 'MF', 18, 200, 29, 61, 23, 1990, 12, '2', 'FALSE'),
(363, 'Sebasti?n Coates', 'DF', 19, 200, 15, 295, 23, 1990, 10, '7', 'FALSE'),
(364, '?lvaro Gonz?lez', 'MF', 20, 200, 43, 159, 29, 1984, 10, '29', 'FALSE'),
(365, 'Edinson Cavani', 'FW', 21, 200, 62, 87, 27, 1987, 2, '14', 'FALSE'),
(366, 'Mart?n C?ceres', 'DF', 22, 200, 57, 152, 27, 1987, 4, '7', 'FALSE'),
(367, 'Mart?n Silva', 'GK', 23, 200, 4, 28, 31, 1983, 3, '25', 'FALSE'),
(368, 'M?ximo Banguera', 'GK', 1, 58, 25, 239, 28, 1985, 12, '16', 'FALSE'),
(369, 'Jorge Guagua', 'DF', 2, 58, 59, 54, 32, 1981, 9, '28', 'FALSE'),
(370, 'Frickson Erazo', 'DF', 3, 58, 37, 29, 26, 1988, 5, '5', 'FALSE'),
(371, 'Juan Carlos Paredes', 'DF', 4, 58, 38, 239, 26, 1987, 7, '8', 'FALSE'),
(372, 'Renato Ibarra', 'MF', 5, 58, 18, 196, 23, 1991, 1, '20', 'FALSE'),
(373, 'Christian Noboa', 'MF', 6, 58, 42, 223, 29, 1985, 4, '9', 'FALSE'),
(374, 'Jefferson Montero', 'MF', 7, 58, 40, 184, 24, 1989, 9, '1', 'FALSE'),
(375, '?dison M?ndez', 'MF', 8, 58, 110, 43, 35, 1979, 3, '16', 'FALSE'),
(376, 'Joao Rojas', 'MF', 9, 58, 30, 178, 24, 1989, 6, '14', 'FALSE'),
(377, 'Walter Ayov?,DF', '10', 58, 90, 185, 34, 1979, 8, 11, 'FALSE', NULL),
(378, 'Felipe Caicedo', 'FW', 11, 58, 50, 283, 25, 1988, 9, '5', 'FALSE'),
(379, 'Adri?n Bone', 'GK', 12, 58, 3, 55, 25, 1988, 9, '8', 'FALSE'),
(380, 'Enner Valencia', 'FW', 13, 58, 10, 185, 25, 1989, 4, '11', 'FALSE'),
(381, 'Oswaldo Minda', 'MF', 14, 58, 18, 287, 30, 1983, 7, '26', 'FALSE'),
(382, 'Michael Arroyo', 'MF', 15, 58, 21, 186, 27, 1987, 4, '23', 'FALSE'),
(383, 'Antonio Valencia', 'MF', 16, 58, 71, 63, 28, 1985, 8, '4', 'TRUE'),
(384, 'Jaime Ayov?,FW', '17', 58, 30, 187, 26, 1988, 2, 21, 'FALSE', NULL),
(385, '?scar Bag??,DF', '18', 58, 21, 54, 31, 1982, 12, 10, 'FALSE', NULL),
(386, 'Luis Saritama', 'MF', 19, 58, 49, 239, 30, 1983, 10, '20', 'FALSE'),
(387, 'Fidel Mart?nez', 'MF', 20, 58, 8, 187, 24, 1990, 2, '15', 'FALSE'),
(388, 'Gabriel Achilier', 'DF', 21, 58, 23, 54, 29, 1985, 3, '24', 'FALSE'),
(389, 'Alexander Dom?nguez', 'GK', 22, 58, 18, 56, 27, 1987, 6, '5', 'FALSE'),
(390, 'Carlos Gruezo', 'MF', 23, 58, 3, 119, 19, 1995, 4, '19', 'FALSE'),
(391, 'Hugo Lloris', 'GK', 1, 69, 57, 59, 27, 1986, 12, '26', 'TRUE'),
(392, 'Mathieu Debuchy', 'DF', 2, 69, 21, 73, 28, 1985, 7, '28', 'FALSE'),
(393, 'Patrice Evra', 'DF', 3, 69, 58, 63, 33, 1981, 5, '15', 'FALSE'),
(394, 'Rapha?l Varane', 'DF', 4, 69, 6, 240, 21, 1993, 4, '25', 'FALSE'),
(395, 'Mamadou Sakho', 'DF', 5, 69, 19, 77, 24, 1990, 2, '13', 'FALSE'),
(396, 'Yohan Cabaye', 'MF', 6, 69, 30, 87, 28, 1986, 1, '14', 'FALSE'),
(397, 'R?my Cabella', 'MF', 7, 69, 1, 101, 24, 1990, 3, '8', 'FALSE'),
(398, 'Mathieu Valbuena', 'MF', 8, 69, 34, 88, 29, 1984, 9, '28', 'FALSE'),
(399, 'Olivier Giroud', 'FW', 9, 69, 30, 74, 27, 1986, 9, '30', 'FALSE'),
(400, 'Karim Benzema', 'FW', 10, 69, 66, 240, 26, 1987, 12, '19', 'FALSE'),
(401, 'Antoine Griezmann', 'MF', 11, 69, 4, 246, 23, 1991, 3, '21', 'FALSE'),
(402, 'Rio Mavuba', 'MF', 12, 69, 12, 99, 30, 1984, 3, '8', 'FALSE'),
(403, 'Eliaquim Mangala', 'DF', 13, 69, 3, 210, 23, 1991, 2, '13', 'FALSE'),
(404, 'Blaise Matuidi', 'MF', 14, 69, 23, 87, 27, 1987, 4, '9', 'FALSE'),
(405, 'Bacary Sagna', 'DF', 15, 69, 41, 74, 31, 1983, 2, '14', 'FALSE'),
(406, 'St?phane Ruffier', 'GK', 16, 69, 2, 100, 27, 1986, 9, '27', 'FALSE'),
(407, 'Lucas Digne', 'DF', 17, 69, 2, 87, 20, 1993, 7, '20', 'FALSE'),
(408, 'Moussa Sissoko', 'MF', 18, 69, 17, 73, 24, 1989, 8, '16', 'FALSE'),
(409, 'Paul Pogba', 'MF', 19, 69, 11, 152, 21, 1993, 3, '15', 'FALSE'),
(410, 'Lo?c R?my', 'FW', 20, 69, 25, 73, 27, 1987, 1, '2', 'FALSE'),
(411, 'Laurent Koscielny', 'DF', 21, 69, 17, 74, 28, 1985, 9, '10', 'FALSE'),
(412, 'Morgan Schneiderlin', 'MF', 22, 69, 1, 61, 24, 1989, 11, '8', 'FALSE'),
(413, 'Micka?l Landreau', 'GK', 23, 69, 11, 102, 35, 1979, 5, '14', 'FALSE'),
(414, 'Luis L?pez', 'GK', 1, 84, 0, 134, 20, 1993, 9, '13', 'FALSE'),
(415, 'Osman Ch?vez', 'DF', 2, 84, 54, 38, 29, 1984, 7, '29', 'FALSE'),
(416, 'Maynor Figueroa', 'DF', 3, 84, 105, 62, 31, 1983, 5, '2', 'FALSE'),
(417, 'Juan Pablo Montes', 'DF', 4, 84, 11, 135, 28, 1985, 10, '26', 'FALSE'),
(418, 'V?ctor Bern?rdez', 'DF', 5, 84, 78, 288, 32, 1982, 5, '24', 'FALSE'),
(419, 'Juan Carlos Garc?a,DF', '6', 84, 34, 67, 26, 1988, 3, 8, 'FALSE', NULL),
(420, 'Emilio Izaguirre', 'DF', 7, 84, 68, 231, 28, 1986, 5, '10', 'FALSE'),
(421, 'Wilson Palacios', 'MF', 8, 84, 95, 80, 29, 1984, 7, '29', 'FALSE'),
(422, 'Jerry Palacios', 'FW', 9, 84, 24, 46, 32, 1981, 11, '1', 'FALSE'),
(423, 'Mario Mart?nez', 'MF', 10, 84, 37, 134, 24, 1989, 7, '30', 'FALSE'),
(424, 'Jerry Bengtson', 'FW', 11, 84, 44, 289, 27, 1987, 4, '8', 'FALSE'),
(425, 'Edder Delgado', 'MF', 12, 84, 26, 134, 27, 1986, 11, '20', 'FALSE'),
(426, 'Carlo Costly', 'FW', 13, 84, 70, 134, 31, 1982, 7, '18', 'FALSE'),
(427, '?scar Boniek Garc?a,MF', '14', 84, 92, 290, 29, 1984, 9, 4, 'FALSE', NULL),
(428, 'Roger Espinoza', 'MF', 15, 84, 42, 67, 27, 1986, 10, '25', 'FALSE'),
(429, 'Rony Mart?nez', 'FW', 16, 84, 12, 246, 25, 1988, 10, '16', 'FALSE'),
(430, 'Andy Najar', 'MF', 17, 84, 17, 17, 21, 1993, 3, '16', 'FALSE'),
(431, 'Noel Valladares', 'GK', 18, 84, 122, 136, 37, 1977, 5, '3', 'TRUE'),
(432, 'Luis Garrido', 'MF', 19, 84, 20, 136, 23, 1990, 11, '5', 'FALSE'),
(433, 'Jorge Claros', 'MF', 20, 84, 49, 135, 28, 1986, 1, '8', 'FALSE'),
(434, 'Brayan Beckeles', 'DF', 21, 84, 23, 136, 28, 1985, 11, '28', 'FALSE'),
(435, 'Donis Escober', 'GK', 22, 84, 26, 136, 34, 1980, 2, '3', 'FALSE'),
(436, 'Marvin Ch?vez', 'MF', 23, 84, 42, 287, 30, 1983, 11, '3', 'FALSE'),
(437, 'Diego Benaglio', 'GK', 1, 182, 57, 109, 30, 1983, 9, '8', 'FALSE'),
(438, 'Stephan Lichtsteiner', 'DF', 2, 182, 63, 152, 30, 1984, 1, '16', 'FALSE'),
(439, 'Reto Ziegler', 'DF', 3, 182, 35, 162, 28, 1986, 1, '16', 'FALSE'),
(440, 'Philippe Senderos', 'DF', 4, 182, 53, 248, 29, 1985, 2, '14', 'FALSE'),
(441, 'Steve von Bergen', 'DF', 5, 182, 41, 261, 31, 1983, 6, '10', 'FALSE'),
(442, 'Michael Lang', 'DF', 6, 182, 6, 262, 23, 1991, 2, '8', 'FALSE'),
(443, 'Tranquillo Barnetta', 'MF', 7, 182, 74, 121, 29, 1985, 5, '22', 'FALSE'),
(444, 'G?khan Inler', 'MF', 8, 182, 73, 147, 29, 1984, 6, '27', 'TRUE'),
(445, 'Haris Seferovi?', 'FW', 9, 182, 11, 246, 22, 1992, 2, '22', 'FALSE'),
(446, 'Granit Xhaka', 'MF', 10, 182, 26, 124, 21, 1992, 9, '27', 'FALSE'),
(447, 'Valon Behrami', 'MF', 11, 182, 48, 147, 29, 1985, 4, '19', 'FALSE'),
(448, 'Yann Sommer', 'GK', 12, 182, 6, 260, 25, 1988, 12, '17', 'FALSE'),
(449, 'Ricardo Rodr?guez', 'DF', 13, 182, 21, 109, 21, 1992, 8, '25', 'FALSE'),
(450, 'Valentin Stocker', 'MF', 14, 182, 24, 260, 25, 1989, 4, '12', 'FALSE'),
(451, 'Blerim D?emaili', 'MF', 15, 182, 34, 147, 28, 1986, 4, '12', 'FALSE'),
(452, 'Gelson Fernandes', 'MF', 16, 182, 47, 125, 27, 1986, 9, '2', 'FALSE'),
(453, 'Mario Gavranovi?', 'FW', 17, 182, 11, 263, 24, 1989, 11, '24', 'FALSE'),
(454, 'Admir Mehmedi', 'FW', 18, 182, 21, 125, 23, 1991, 3, '16', 'FALSE'),
(455, 'Josip Drmi?', 'FW', 19, 182, 7, 122, 21, 1992, 8, '8', 'FALSE'),
(456, 'Johan Djourou', 'DF', 20, 182, 44, 112, 27, 1987, 1, '18', 'FALSE'),
(457, 'Roman B?rki', 'GK', 21, 182, 0, 262, 23, 1990, 11, '14', 'FALSE'),
(458, 'Fabian Sch?r,DF', '22', 182, 6, 260, 22, 1991, 12, 20, 'FALSE', NULL),
(459, 'Xherdan Shaqiri', 'MF', 23, 182, 33, 108, 22, 1991, 10, '10', 'FALSE'),
(460, 'Sergio Romero', 'GK', 1, 8, 47, 95, 27, 1987, 2, '22', 'FALSE'),
(461, 'Ezequiel Garay', 'DF', 2, 8, 18, 211, 27, 1986, 10, '10', 'FALSE'),
(462, 'Hugo Campagnaro', 'DF', 3, 8, 15, 148, 33, 1980, 6, '27', 'FALSE'),
(463, 'Pablo Zabaleta', 'DF', 4, 8, 36, 58, 29, 1985, 1, '16', 'FALSE'),
(464, 'Fernando Gago', 'MF', 5, 8, 49, 4, 28, 1986, 4, '10', 'FALSE'),
(465, 'Lucas Biglia', 'MF', 6, 8, 18, 159, 28, 1986, 1, '30', 'FALSE'),
(466, '?ngel Di Mar?a,MF', '7', 8, 47, 240, 26, 1988, 2, 14, 'FALSE', NULL),
(467, 'Enzo P?rez', 'MF', 8, 8, 7, 211, 28, 1986, 2, '22', 'FALSE'),
(468, 'Gonzalo Higua?n,FW', '9', 8, 36, 147, 26, 1987, 12, 10, 'FALSE', NULL),
(469, 'Lionel Messi', 'FW', 10, 8, 86, 239, 26, 1987, 6, '24', 'TRUE'),
(470, 'Maxi Rodr?guez', 'MF', 11, 8, 55, 5, 33, 1981, 1, '2', 'FALSE'),
(471, 'Agust?n Ori?n,GK', '12', 8, 3, 4, 32, 1981, 7, 26, 'FALSE', NULL),
(472, 'Augusto Fern?ndez', 'MF', 13, 8, 9, 249, 28, 1986, 4, '10', 'FALSE'),
(473, 'Javier Mascherano', 'MF', 14, 8, 98, 239, 30, 1984, 6, '8', 'FALSE'),
(474, 'Mart?n Demichelis', 'DF', 15, 8, 38, 58, 33, 1980, 12, '20', 'FALSE'),
(475, 'Marcos Rojo', 'DF', 16, 8, 22, 212, 24, 1990, 3, '20', 'FALSE'),
(476, 'Federico Fern?ndez', 'DF', 17, 8, 26, 147, 25, 1989, 2, '21', 'FALSE'),
(477, 'Rodrigo Palacio', 'FW', 18, 8, 22, 148, 32, 1982, 2, '5', 'FALSE'),
(478, 'Ricky ?lvarez', 'MF', 19, 8, 7, 148, 26, 1988, 4, '12', 'FALSE'),
(479, 'Sergio Ag?ero', 'FW', 20, 8, 51, 58, 26, 1988, 6, '2', 'FALSE'),
(480, 'Mariano And?jar', 'GK', 21, 8, 10, 163, 30, 1983, 7, '30', 'FALSE'),
(481, 'Ezequiel Lavezzi', 'FW', 22, 8, 31, 87, 29, 1985, 5, '3', 'FALSE'),
(482, 'Jos? Mar?a Basanta', 'DF', 23, 8, 10, 188, 30, 1984, 4, '3', 'FALSE'),
(483, 'Asmir Begovi?', 'GK', 1, 25, 30, 80, 26, 1987, 6, '20', 'FALSE'),
(484, 'Avdija Vr?ajevi?', 'DF', 2, 25, 13, 52, 28, 1986, 3, '6', 'FALSE'),
(485, 'Ermin Bi?ak?i?', 'DF', 3, 25, 7, 126, 24, 1990, 1, '24', 'FALSE'),
(486, 'Emir Spahi?', 'DF', 4, 25, 74, 113, 33, 1980, 8, '18', 'TRUE'),
(487, 'Sead Kola?inac', 'DF', 5, 25, 4, 111, 20, 1993, 6, '20', 'FALSE'),
(488, 'Ognjen Vranje?', 'DF', 6, 25, 13, 275, 24, 1989, 10, '24', 'FALSE'),
(489, 'Muhamed Be?i?', 'DF', 7, 25, 9, 137, 21, 1992, 9, '10', 'FALSE'),
(490, 'Miralem Pjani?', 'MF', 8, 25, 48, 149, 24, 1990, 4, '2', 'FALSE'),
(491, 'Vedad Ibi?evi?', 'FW', 9, 25, 55, 119, 29, 1984, 8, '6', 'FALSE'),
(492, 'Zvjezdan Misimovi?', 'MF', 10, 25, 81, 39, 32, 1982, 6, '5', 'FALSE'),
(493, 'Edin D?eko', 'FW', 11, 25, 62, 58, 28, 1986, 3, '17', 'FALSE'),
(494, 'Jasmin Fejzi?', 'GK', 12, 25, 0, 127, 28, 1986, 5, '15', 'FALSE'),
(495, 'Mensur Mujd?a', 'DF', 13, 25, 24, 125, 30, 1984, 3, '28', 'FALSE'),
(496, 'Tino-Sven Su?i?', 'MF', 14, 25, 2, 52, 22, 1992, 2, '13', 'FALSE'),
(497, 'Toni ?unji?', 'DF', 15, 25, 8, 281, 25, 1988, 12, '15', 'FALSE'),
(498, 'Senad Luli?', 'MF', 16, 25, 33, 159, 28, 1986, 1, '18', 'FALSE'),
(499, 'Senijad Ibri?i?', 'MF', 17, 25, 42, 276, 28, 1985, 9, '26', 'FALSE'),
(500, 'Haris Medunjanin', 'MF', 18, 25, 35, 277, 29, 1985, 3, '8', 'FALSE'),
(501, 'Edin Vi??a', 'FW', 19, 25, 10, 278, 24, 1990, 2, '17', 'FALSE'),
(502, 'Izet Hajrovi?', 'MF', 20, 25, 7, 267, 22, 1991, 8, '4', 'FALSE'),
(503, 'Anel Had?i?', 'MF', 21, 25, 2, 12, 24, 1989, 8, '16', 'FALSE'),
(504, 'Asmir Avduki?', 'GK', 22, 25, 3, 20, 33, 1981, 5, '13', 'FALSE'),
(505, 'Sejad Salihovi?', 'MF', 23, 25, 42, 128, 29, 1984, 10, '8', 'FALSE'),
(506, 'Rahman Ahmadi', 'GK', 1, 90, 10, 138, 33, 1980, 7, '30', 'FALSE'),
(507, 'Khosro Heydari', 'MF', 2, 90, 49, 139, 30, 1983, 9, '14', 'FALSE'),
(508, 'Ehsan Hajsafi', 'MF', 3, 90, 62, 138, 24, 1990, 2, '25', 'FALSE'),
(509, 'Jalal Hosseini', 'DF', 4, 90, 85, 140, 32, 1982, 2, '3', 'FALSE'),
(510, 'Amir Hossein Sadeghi', 'DF', 5, 90, 17, 139, 32, 1981, 9, '6', 'FALSE'),
(511, 'Javad Nekounam', 'MF', 6, 90, 140, 177, 33, 1980, 10, '7', 'TRUE'),
(512, 'Masoud Shojaei', 'MF', 7, 90, 50, 253, 30, 1984, 6, '9', 'FALSE'),
(513, 'Reza Haghighi', 'MF', 8, 90, 8, 140, 25, 1989, 2, '1', 'FALSE'),
(514, 'Alireza Jahanbakhsh', 'FW', 9, 90, 7, 197, 20, 1993, 8, '11', 'FALSE'),
(515, 'Karim Ansarifard', 'FW', 10, 90, 42, 141, 24, 1990, 4, '3', 'FALSE'),
(516, 'Ghasem Haddadifar', 'MF', 11, 90, 17, 142, 30, 1983, 7, '12', 'FALSE'),
(517, 'Alireza Haghighi', 'GK', 12, 90, 6, 213, 26, 1988, 5, '2', 'FALSE'),
(518, 'Hossein Mahini', 'DF', 13, 90, 22, 140, 27, 1986, 9, '16', 'FALSE'),
(519, 'Andranik Teymourian', 'MF', 14, 90, 79, 139, 31, 1983, 3, '6', 'FALSE'),
(520, 'Pejman Montazeri', 'DF', 15, 90, 22, 217, 30, 1983, 9, '6', 'FALSE'),
(521, 'Reza Ghoochannejhad', 'FW', 16, 90, 14, 81, 26, 1987, 9, '20', 'FALSE'),
(522, 'Ahmad Alenemeh', 'DF', 17, 90, 9, 143, 31, 1982, 10, '10', 'FALSE'),
(523, 'Bakhtiar Rahmani', 'MF', 18, 90, 4, 144, 22, 1991, 9, '23', 'FALSE'),
(524, 'Hashem Beikzadeh', 'DF', 19, 90, 17, 139, 30, 1984, 1, '22', 'FALSE'),
(525, 'Steven Beitashour', 'DF', 20, 90, 6, 33, 27, 1987, 2, '1', 'FALSE'),
(526, 'Ashkan Dejagah', 'MF', 21, 90, 14, 76, 27, 1986, 7, '5', 'FALSE'),
(527, 'Daniel Davari', 'GK', 22, 90, 4, 126, 26, 1988, 1, '6', 'FALSE'),
(528, 'Mehrdad Pooladi', 'DF', 23, 90, 20, 140, 27, 1987, 2, '26', 'FALSE'),
(529, 'Vincent Enyeama', 'GK', 1, 138, 91, 99, 31, 1982, 8, '29', 'FALSE'),
(530, 'Joseph Yobo', 'DF', 2, 138, 97, 72, 33, 1980, 9, '6', 'TRUE'),
(531, 'Ejike Uzoenyi', 'MF', 3, 138, 21, 200, 26, 1988, 3, '23', 'FALSE'),
(532, 'Reuben Gabriel', 'MF', 4, 138, 11, 18, 23, 1990, 9, '25', 'FALSE'),
(533, 'Efe Ambrose', 'DF', 5, 138, 37, 231, 25, 1988, 10, '18', 'FALSE'),
(534, 'Azubuike Egwuekwe', 'DF', 6, 138, 31, 201, 24, 1989, 7, '16', 'FALSE'),
(535, 'Ahmed Musa', 'FW', 7, 138, 35, 224, 21, 1992, 10, '14', 'FALSE'),
(536, 'Peter Odemwingie', 'FW', 8, 138, 61, 80, 32, 1981, 7, '15', 'FALSE'),
(537, 'Emmanuel Emenike', 'FW', 9, 138, 23, 268, 27, 1987, 5, '10', 'FALSE'),
(538, 'John Obi Mikel', 'MF', 10, 138, 59, 57, 27, 1987, 4, '22', 'FALSE'),
(539, 'Victor Moses', 'MF', 11, 138, 22, 77, 23, 1990, 12, '12', 'FALSE'),
(540, 'Kunle Odunlami', 'DF', 12, 138, 11, 202, 23, 1991, 4, '30', 'FALSE'),
(541, 'Juwon Oshaniwa', 'DF', 13, 138, 10, 145, 23, 1990, 9, '14', 'FALSE'),
(542, 'Godfrey Oboabona', 'DF', 14, 138, 35, 273, 23, 1990, 8, '16', 'FALSE'),
(543, 'Ramon Azeez', 'MF', 15, 138, 2, 254, 21, 1992, 12, '12', 'FALSE'),
(544, 'Austin Ejide', 'GK', 16, 138, 31, 146, 30, 1984, 4, '8', 'FALSE'),
(545, 'Ogenyi Onazi', 'MF', 17, 138, 21, 159, 21, 1992, 12, '25', 'FALSE'),
(546, 'Michael Babatunde', 'MF', 18, 138, 5, 282, 21, 1992, 12, '24', 'FALSE'),
(547, 'Uche Nwofor', 'FW', 19, 138, 6, 198, 22, 1991, 9, '17', 'FALSE'),
(548, 'Michael Uchebo', 'FW', 20, 138, 4, 19, 24, 1990, 2, '2', 'FALSE'),
(549, 'Chigozie Agbim', 'GK', 21, 138, 11, 203, 29, 1984, 11, '28', 'FALSE'),
(550, 'Kenneth Omeruo', 'DF', 22, 138, 17, 82, 20, 1993, 10, '17', 'FALSE'),
(551, 'Shola Ameobi', 'FW', 23, 138, 7, 73, 32, 1981, 10, '12', 'FALSE'),
(552, 'Manuel Neuer', 'GK', 1, 73, 45, 108, 28, 1986, 3, '27', 'FALSE'),
(553, 'Kevin Gro?kreutz', 'DF', 2, 73, 5, 116, 25, 1988, 7, '19', 'FALSE'),
(554, 'Matthias Ginter', 'DF', 3, 73, 2, 125, 20, 1994, 1, '19', 'FALSE'),
(555, 'Benedikt H?wedes', 'DF', 4, 73, 21, 111, 26, 1988, 2, '29', 'FALSE'),
(556, 'Mats Hummels', 'DF', 5, 73, 30, 116, 25, 1988, 12, '16', 'FALSE'),
(557, 'Sami Khedira', 'MF', 6, 73, 46, 240, 27, 1987, 4, '4', 'FALSE'),
(558, 'Bastian Schweinsteiger', 'MF', 7, 73, 102, 108, 29, 1984, 8, '1', 'FALSE'),
(559, 'Mesut ?zil', 'MF', 8, 73, 55, 74, 25, 1988, 10, '15', 'FALSE'),
(560, 'Andr? Sch?rrle', 'MF', 9, 73, 33, 57, 23, 1990, 11, '6', 'FALSE'),
(561, 'Lukas Podolski', 'FW', 10, 73, 114, 74, 29, 1985, 6, '4', 'FALSE'),
(562, 'Miroslav Klose', 'FW', 11, 73, 132, 159, 36, 1978, 6, '9', 'FALSE'),
(563, 'Ron-Robert Zieler', 'GK', 12, 73, 3, 120, 25, 1989, 2, '12', 'FALSE'),
(564, 'Thomas M?ller', 'FW', 13, 73, 49, 108, 24, 1989, 9, '13', 'FALSE'),
(565, 'Julian Draxler', 'MF', 14, 73, 11, 111, 20, 1993, 9, '20', 'FALSE'),
(566, 'Erik Durm', 'DF', 15, 73, 1, 116, 22, 1992, 5, '12', 'FALSE'),
(567, 'Philipp Lahm', 'DF', 16, 73, 106, 108, 30, 1983, 11, '11', 'TRUE'),
(568, 'Per Mertesacker', 'DF', 17, 73, 98, 74, 29, 1984, 9, '29', 'FALSE'),
(569, 'Toni Kroos', 'MF', 18, 73, 44, 108, 24, 1990, 1, '4', 'FALSE'),
(570, 'Mario G?tze', 'MF', 19, 73, 29, 108, 22, 1992, 6, '3', 'FALSE'),
(571, 'J?r?me Boateng', 'DF', 20, 73, 39, 108, 25, 1988, 9, '3', 'FALSE'),
(572, 'Shkodran Mustafi', 'DF', 21, 73, 1, 164, 22, 1992, 4, '17', 'FALSE'),
(573, 'Roman Weidenfeller', 'GK', 22, 73, 3, 116, 33, 1980, 8, '6', 'FALSE'),
(574, 'Christoph Kramer', 'MF', 23, 73, 2, 124, 23, 1991, 2, '19', 'FALSE'),
(575, 'Stephen Adams', 'GK', 1, 74, 7, 129, 24, 1989, 9, '28', 'FALSE'),
(576, 'Samuel Inkoom', 'DF', 2, 74, 46, 133, 25, 1989, 6, '1', 'FALSE'),
(577, 'Asamoah Gyan', 'FW', 3, 74, 79, 284, 28, 1985, 11, '22', 'TRUE'),
(578, 'Daniel Opare', 'DF', 4, 74, 16, 16, 23, 1990, 10, '18', 'FALSE'),
(579, 'Michael Essien', 'MF', 5, 74, 57, 155, 31, 1982, 12, '3', 'FALSE'),
(580, 'Afriyie Acquah', 'MF', 6, 74, 5, 160, 22, 1992, 1, '5', 'FALSE'),
(581, 'Christian Atsu', 'MF', 7, 74, 23, 196, 22, 1992, 1, '10', 'FALSE'),
(582, 'Emmanuel Agyemang-Badu', 'MF', 8, 74, 49, 165, 23, 1990, 12, '2', 'FALSE'),
(583, 'Kevin-Prince Boateng', 'FW', 9, 74, 13, 111, 27, 1987, 3, '6', 'FALSE'),
(584, 'Andr? Ayew', 'MF', 10, 74, 49, 88, 24, 1989, 12, '17', 'FALSE'),
(585, 'Sulley Muntari', 'MF', 11, 74, 82, 155, 29, 1984, 8, '27', 'FALSE'),
(586, 'Adam Kwarasey', 'GK', 12, 74, 21, 208, 26, 1987, 12, '12', 'FALSE'),
(587, 'Jordan Ayew', 'FW', 13, 74, 13, 103, 22, 1991, 9, '11', 'FALSE'),
(588, 'Albert Adomah', 'MF', 14, 74, 15, 82, 26, 1987, 12, '13', 'FALSE'),
(589, 'Rashid Sumaila', 'DF', 15, 74, 6, 232, 21, 1992, 12, '18', 'FALSE'),
(590, 'Fatau Dauda', 'GK', 16, 74, 18, 233, 29, 1985, 4, '6', 'FALSE'),
(591, 'Mohammed Rabiu', 'MF', 17, 74, 17, 222, 24, 1989, 12, '31', 'FALSE'),
(592, 'Abdul Majeed Waris', 'FW', 18, 74, 13, 104, 22, 1991, 9, '19', 'FALSE'),
(593, 'Jonathan Mensah', 'DF', 19, 74, 27, 105, 23, 1990, 7, '13', 'FALSE'),
(594, 'Kwadwo Asamoah', 'MF', 20, 74, 62, 152, 25, 1988, 12, '9', 'FALSE'),
(595, 'John Boye', 'DF', 21, 74, 30, 92, 27, 1987, 4, '23', 'FALSE'),
(596, 'Wakaso Mubarak', 'MF', 22, 74, 17, 225, 23, 1990, 7, '25', 'FALSE'),
(597, 'Harrison Afful', 'DF', 23, 74, 41, 264, 27, 1986, 6, '24', 'FALSE'),
(598, 'Eduardo', 'GK', 1, 150, 34, 214, 31, 1982, 9, '19', 'FALSE'),
(599, 'Bruno Alves', 'DF', 2, 150, 72, 268, 32, 1981, 11, '27', 'FALSE'),
(600, 'Pepe', 'DF', 3, 150, 58, 240, 31, 1983, 2, '26', 'FALSE'),
(601, 'Miguel Veloso', 'MF', 4, 150, 49, 280, 28, 1986, 5, '11', 'FALSE'),
(602, 'F?bio Coentr?o,DF', '5', 150, 45, 240, 26, 1988, 3, 11, 'FALSE', NULL),
(603, 'William Carvalho', 'MF', 6, 150, 4, 212, 22, 1992, 4, '7', 'FALSE'),
(604, 'Cristiano Ronaldo', 'FW', 7, 150, 111, 240, 29, 1985, 2, '5', 'TRUE'),
(605, 'Jo?o Moutinho', 'MF', 8, 150, 68, 95, 27, 1986, 9, '8', 'FALSE'),
(606, 'Hugo Almeida', 'FW', 9, 150, 55, 266, 30, 1984, 5, '23', 'FALSE'),
(607, 'Vieirinha', 'MF', 10, 150, 9, 109, 28, 1986, 1, '24', 'FALSE'),
(608, '?der', 'FW', 11, 150, 8, 214, 26, 1987, 12, '22', 'FALSE'),
(609, 'Rui Patr?cio', 'GK', 12, 150, 30, 212, 26, 1988, 2, '15', 'FALSE'),
(610, 'Ricardo Costa', 'DF', 13, 150, 19, 248, 33, 1981, 5, '16', 'FALSE'),
(611, 'Lu?s Neto', 'DF', 14, 150, 9, 219, 26, 1988, 5, '26', 'FALSE'),
(612, 'Rafa Silva', 'MF', 15, 150, 3, 214, 21, 1993, 5, '17', 'FALSE'),
(613, 'Raul Meireles', 'MF', 16, 150, 74, 268, 31, 1983, 3, '17', 'FALSE'),
(614, 'Nani', 'MF', 17, 150, 75, 63, 27, 1986, 11, '17', 'FALSE'),
(615, 'Silvestre Varela', 'MF', 18, 150, 24, 210, 29, 1985, 2, '2', 'FALSE'),
(616, 'Andr? Almeida', 'DF', 19, 150, 5, 211, 23, 1990, 9, '10', 'FALSE'),
(617, 'R?ben Amorim', 'MF', 20, 150, 13, 211, 29, 1985, 1, '27', 'FALSE'),
(618, 'Jo?o Pereira', 'DF', 21, 150, 36, 248, 30, 1984, 2, '25', 'FALSE'),
(619, 'Beto', 'GK', 22, 150, 7, 241, 32, 1982, 5, '1', 'FALSE'),
(620, 'H?lder Postiga', 'FW', 23, 150, 69, 159, 31, 1982, 8, '2', 'FALSE'),
(621, 'Tim Howard', 'GK', 1, 199, 100, 78, 35, 1979, 3, '6', 'FALSE'),
(622, 'DeAndre Yedlin', 'DF', 2, 199, 4, 291, 20, 1993, 7, '9', 'FALSE'),
(623, 'Omar Gonzalez', 'DF', 3, 199, 20, 292, 25, 1988, 10, '11', 'FALSE'),
(624, 'Michael Bradley', 'MF', 4, 199, 86, 32, 26, 1987, 7, '31', 'FALSE'),
(625, 'Matt Besler', 'DF', 5, 199, 17, 293, 27, 1987, 2, '11', 'FALSE'),
(626, 'John Brooks', 'DF', 6, 199, 4, 118, 21, 1993, 1, '28', 'FALSE'),
(627, 'DaMarcus Beasley', 'DF', 7, 199, 116, 189, 32, 1982, 5, '24', 'FALSE'),
(628, 'Clint Dempsey', 'FW', 8, 199, 105, 291, 31, 1983, 3, '9', 'TRUE'),
(629, 'Aron J?hannsson', 'FW', 9, 199, 8, 199, 23, 1990, 11, '10', 'FALSE'),
(630, 'Mix Diskerud', 'MF', 10, 199, 20, 206, 23, 1990, 10, '2', 'FALSE'),
(631, 'Alejandro Bedoya', 'MF', 11, 199, 28, 106, 27, 1987, 4, '29', 'FALSE'),
(632, 'Brad Guzan', 'GK', 12, 199, 25, 70, 29, 1984, 9, '9', 'FALSE'),
(633, 'Jermaine Jones', 'MF', 13, 199, 42, 266, 32, 1981, 11, '3', 'FALSE'),
(634, 'Brad Davis', 'MF', 14, 199, 16, 290, 32, 1981, 11, '8', 'FALSE'),
(635, 'Kyle Beckerman', 'MF', 15, 199, 37, 294, 32, 1982, 4, '23', 'FALSE'),
(636, 'Julian Green', 'MF', 16, 199, 2, 108, 19, 1995, 6, '6', 'FALSE'),
(637, 'Jozy Altidore', 'FW', 17, 199, 70, 83, 24, 1989, 11, '6', 'FALSE'),
(638, 'Chris Wondolowski', 'FW', 18, 199, 21, 288, 31, 1983, 1, '28', 'FALSE'),
(639, 'Graham Zusi', 'MF', 19, 199, 23, 293, 27, 1986, 8, '18', 'FALSE'),
(640, 'Geoff Cameron', 'DF', 20, 199, 27, 80, 28, 1985, 7, '11', 'FALSE'),
(641, 'Timothy Chandler', 'DF', 21, 199, 13, 122, 24, 1990, 3, '29', 'FALSE'),
(642, 'Nick Rimando', 'GK', 22, 199, 14, 294, 34, 1979, 6, '17', 'FALSE'),
(643, 'Fabian Johnson', 'DF', 23, 199, 22, 128, 26, 1987, 12, '11', 'FALSE'),
(644, 'C?dric Si Mohamed', 'GK', 1, 2, 1, 0, 29, 1985, 1, '9', 'FALSE'),
(645, 'Madjid Bougherra', 'DF', 2, 2, 62, 218, 31, 1982, 10, '7', 'TRUE'),
(646, 'Faouzi Ghoulam', 'DF', 3, 2, 6, 147, 23, 1991, 2, '1', 'FALSE'),
(647, 'Essa?d Belkalem', 'DF', 4, 2, 13, 84, 25, 1989, 1, '1', 'FALSE'),
(648, 'Rafik Halliche', 'DF', 5, 2, 29, 215, 27, 1986, 9, '2', 'FALSE'),
(649, 'Djamel Mesbah', 'DF', 6, 2, 26, 166, 29, 1984, 10, '9', 'FALSE'),
(650, 'Hassan Yebda', 'MF', 7, 2, 25, 165, 30, 1984, 5, '14', 'FALSE'),
(651, 'Medhi Lacen', 'MF', 8, 2, 30, 243, 30, 1984, 5, '15', 'FALSE'),
(652, 'Nabil Ghilas', 'FW', 9, 2, 5, 210, 24, 1990, 4, '20', 'FALSE'),
(653, 'Sofiane Feghouli', 'MF', 10, 2, 19, 248, 24, 1989, 12, '26', 'FALSE'),
(654, 'Yacine Brahimi', 'MF', 11, 2, 6, 242, 24, 1990, 2, '8', 'FALSE'),
(655, 'Carl Medjani', 'DF', 12, 2, 26, 104, 29, 1985, 5, '15', 'FALSE'),
(656, 'Islam Slimani', 'FW', 13, 2, 20, 212, 25, 1988, 6, '18', 'FALSE'),
(657, 'Nabil Bentaleb', 'MF', 14, 2, 3, 59, 19, 1994, 11, '24', 'FALSE'),
(658, 'El Arbi Hillel Soudani', 'FW', 15, 2, 22, 51, 26, 1987, 11, '25', 'FALSE'),
(659, 'Mohamed Zemmamouche', 'GK', 16, 2, 7, 1, 29, 1985, 3, '19', 'FALSE'),
(660, 'Liassine Cadamuro-Benta?ba', 'DF', 17, 2, 7, 255, 26, 1988, 3, '5', 'FALSE'),
(661, 'Abdelmoumene Djabou', 'MF', 18, 2, 8, 265, 27, 1987, 1, '31', 'FALSE'),
(662, 'Saphir Ta?der', 'MF', 19, 2, 11, 148, 22, 1992, 2, '29', 'FALSE'),
(663, 'A?ssa Mandi', 'DF', 20, 2, 2, 107, 22, 1991, 10, '22', 'FALSE'),
(664, 'Riyad Mahrez', 'MF', 21, 2, 2, 85, 23, 1991, 2, '21', 'FALSE'),
(665, 'Mehdi Mostefa', 'MF', 22, 2, 23, 96, 30, 1983, 8, '30', 'FALSE'),
(666, 'Ra?s M''Bolhi', 'GK', 23, 2, 28, 30, 28, 1986, 4, '25', 'FALSE'),
(667, 'Thibaut Courtois', 'GK', 1, 19, 17, 250, 22, 1992, 5, '11', 'FALSE'),
(668, 'Toby Alderweireld', 'DF', 2, 19, 34, 250, 25, 1989, 3, '2', 'FALSE'),
(669, 'Thomas Vermaelen', 'DF', 3, 19, 47, 74, 28, 1985, 11, '14', 'FALSE'),
(670, 'Vincent Kompany', 'DF', 4, 19, 59, 58, 28, 1986, 4, '10', 'TRUE'),
(671, 'Jan Vertonghen', 'DF', 5, 19, 56, 59, 27, 1987, 4, '24', 'FALSE'),
(672, 'Axel Witsel', 'MF', 6, 19, 48, 219, 25, 1989, 1, '12', 'FALSE'),
(673, 'Kevin De Bruyne', 'MF', 7, 19, 21, 109, 22, 1991, 6, '28', 'FALSE'),
(674, 'Marouane Fellaini', 'MF', 8, 19, 50, 63, 26, 1987, 11, '22', 'FALSE'),
(675, 'Romelu Lukaku', 'FW', 9, 19, 29, 78, 21, 1993, 5, '13', 'FALSE'),
(676, 'Eden Hazard', 'MF', 10, 19, 45, 57, 23, 1991, 1, '7', 'FALSE'),
(677, 'Kevin Mirallas', 'MF', 11, 19, 44, 78, 26, 1987, 10, '5', 'FALSE'),
(678, 'Simon Mignolet', 'GK', 12, 19, 14, 77, 25, 1988, 8, '6', 'FALSE'),
(679, 'Sammy Bossut', 'GK', 13, 19, 0, 13, 28, 1985, 8, '11', 'FALSE'),
(680, 'Dries Mertens', 'FW', 14, 19, 25, 147, 27, 1987, 5, '6', 'FALSE'),
(681, 'Daniel Van Buyten', 'DF', 15, 19, 79, 108, 36, 1978, 2, '7', 'FALSE'),
(682, 'Steven Defour', 'MF', 16, 19, 43, 210, 26, 1988, 4, '15', 'FALSE'),
(683, 'Divock Origi', 'FW', 17, 19, 2, 99, 19, 1995, 4, '18', 'FALSE'),
(684, 'Nicolas Lombaerts', 'DF', 18, 19, 25, 219, 29, 1985, 3, '20', 'FALSE');
INSERT INTO `players` (`Id`, `Name`, `Pos`, `Jersey_No`, `Country_ID`, `Caps`, `Club_ID`, `Age`, `Birthday_Year`, `Birthday_Month`, `Birthday_Date`, `Captain`) VALUES
(685, 'Moussa Demb?l', 'MF', 19, 19, 57, 59, 26, 1987, 7, '16', 'FALSE'),
(686, 'Adnan Januzaj', 'MF', 20, 19, 1, 63, 19, 1995, 2, '5', 'FALSE'),
(687, 'Anthony Vanden Borre', 'DF', 21, 19, 25, 17, 26, 1987, 10, '24', 'FALSE'),
(688, 'Nacer Chadli', 'MF', 22, 19, 20, 59, 24, 1989, 10, '2', 'FALSE'),
(689, 'Laurent Ciman', 'DF', 23, 19, 8, 16, 28, 1985, 8, '5', 'FALSE'),
(690, 'Igor Akinfeev', 'GK', 1, 155, 68, 224, 28, 1986, 4, '8', 'FALSE'),
(691, 'Aleksei Kozlov', 'DF', 2, 155, 11, 223, 27, 1986, 11, '16', 'FALSE'),
(692, 'Georgi Shchennikov', 'DF', 3, 155, 4, 224, 23, 1991, 4, '27', 'FALSE'),
(693, 'Sergei Ignashevich', 'DF', 4, 155, 96, 224, 34, 1979, 7, '14', 'FALSE'),
(694, 'Andrei Semyonov', 'DF', 5, 155, 1, 226, 25, 1989, 3, '24', 'FALSE'),
(695, 'Maksim Kanunnikov', 'FW', 6, 155, 2, 227, 22, 1991, 7, '14', 'FALSE'),
(696, 'Igor Denisov', 'MF', 7, 155, 43, 223, 30, 1984, 5, '17', 'FALSE'),
(697, 'Denis Glushakov', 'MF', 8, 155, 26, 228, 27, 1987, 1, '27', 'FALSE'),
(698, 'Aleksandr Kokorin', 'FW', 9, 155, 21, 223, 23, 1991, 3, '19', 'FALSE'),
(699, 'Alan Dzagoev', 'MF', 10, 155, 32, 224, 23, 1990, 6, '17', 'FALSE'),
(700, 'Aleksandr Kerzhakov', 'FW', 11, 155, 80, 219, 31, 1982, 11, '27', 'FALSE'),
(701, 'Yuri Lodygin', 'GK', 12, 155, 3, 219, 24, 1990, 5, '26', 'FALSE'),
(702, 'Vladimir Granat', 'DF', 13, 155, 5, 223, 27, 1987, 5, '22', 'FALSE'),
(703, 'Vasili Berezutski', 'DF', 14, 155, 78, 224, 31, 1982, 6, '20', 'TRUE'),
(704, 'Pavel Mogilevets', 'MF', 15, 155, 1, 225, 21, 1993, 1, '25', 'FALSE'),
(705, 'Sergey Ryzhikov', 'GK', 16, 155, 1, 225, 33, 1980, 9, '19', 'FALSE'),
(706, 'Oleg Shatov', 'MF', 17, 155, 7, 219, 23, 1990, 7, '29', 'FALSE'),
(707, 'Yuri Zhirkov', 'FW', 18, 155, 60, 223, 30, 1983, 8, '20', 'FALSE'),
(708, 'Aleksandr Samedov', 'FW', 19, 155, 17, 221, 29, 1984, 7, '19', 'FALSE'),
(709, 'Viktor Fayzulin', 'MF', 20, 155, 19, 219, 28, 1986, 4, '22', 'FALSE'),
(710, 'Aleksei Ionov', 'FW', 21, 155, 5, 223, 25, 1989, 2, '18', 'FALSE'),
(711, 'Andrey Yeshchenko', 'DF', 22, 155, 12, 229, 30, 1984, 2, '9', 'FALSE'),
(712, 'Dmitri Kombarov', 'DF', 23, 155, 22, 228, 27, 1987, 1, '22', 'FALSE'),
(713, 'Jung Sung-ryong', 'GK', 1, 101, 61, 235, 29, 1985, 1, '4', 'FALSE'),
(714, 'Kim Chang-soo', 'DF', 2, 101, 9, 176, 28, 1985, 9, '12', 'FALSE'),
(715, 'Yun Suk-young', 'DF', 3, 101, 4, 60, 24, 1990, 2, '13', 'FALSE'),
(716, 'Kwak Tae-hwi', 'DF', 4, 101, 35, 230, 32, 1981, 7, '8', 'FALSE'),
(717, 'Kim Young-gwon', 'DF', 5, 101, 21, 40, 24, 1990, 2, '27', 'FALSE'),
(718, 'Hwang Seok-ho', 'DF', 6, 101, 3, 173, 24, 1989, 6, '27', 'FALSE'),
(719, 'Kim Bo-kyung', 'MF', 7, 101, 28, 68, 24, 1989, 10, '6', 'FALSE'),
(720, 'Ha Dae-sung', 'MF', 8, 101, 13, 41, 29, 1985, 3, '2', 'FALSE'),
(721, 'Son Heung-min', 'FW', 9, 101, 25, 113, 21, 1992, 7, '8', 'FALSE'),
(722, 'Park Chu-young', 'FW', 10, 101, 64, 84, 28, 1985, 7, '10', 'FALSE'),
(723, 'Lee Keun-ho', 'FW', 11, 101, 63, 236, 29, 1985, 4, '11', 'FALSE'),
(724, 'Lee Yong', 'DF', 12, 101, 12, 237, 27, 1986, 12, '24', 'FALSE'),
(725, 'Koo Ja-cheol', 'MF', 13, 101, 37, 110, 25, 1989, 2, '27', 'TRUE'),
(726, 'Han Kook-young', 'MF', 14, 101, 10, 176, 24, 1990, 4, '19', 'FALSE'),
(727, 'Park Jong-woo', 'MF', 15, 101, 10, 42, 25, 1989, 3, '10', 'FALSE'),
(728, 'Ki Sung-yueng', 'MF', 16, 101, 58, 83, 25, 1989, 1, '24', 'FALSE'),
(729, 'Lee Chung-yong', 'MF', 17, 101, 55, 86, 25, 1988, 7, '2', 'FALSE'),
(730, 'Kim Shin-wook', 'FW', 18, 101, 27, 237, 26, 1988, 4, '14', 'FALSE'),
(731, 'Ji Dong-won', 'FW', 19, 101, 28, 117, 23, 1991, 5, '28', 'FALSE'),
(732, 'Hong Jeong-ho', 'DF', 20, 101, 25, 117, 24, 1989, 8, '12', 'FALSE'),
(733, 'Kim Seung-gyu', 'GK', 21, 101, 5, 237, 23, 1990, 9, '30', 'FALSE'),
(734, 'Park Joo-ho', 'DF', 22, 101, 14, 110, 27, 1987, 1, '16', 'FALSE'),
(735, 'Lee Bum-young', 'GK', 23, 101, 0, 238, 25, 1989, 4, '2', 'FALSE');

-- --------------------------------------------------------

--
-- Table structure for table `referees`
--

CREATE TABLE IF NOT EXISTS `referees` (
  `Name` varchar(23) DEFAULT NULL,
  `Birthday_Year` int(4) DEFAULT NULL,
  `Birthday_Month` int(2) DEFAULT NULL,
  `Birthday_Day` int(3) DEFAULT NULL,
  `Country` int(3) DEFAULT NULL,
  `Yellow_Cards` varchar(2) DEFAULT NULL,
  `Yellow_to_Red_Cards` varchar(1) DEFAULT NULL,
  `Red_Cards` varchar(1) DEFAULT NULL
) ENGINE=InnoDB DEFAULT CHARSET=utf8;

--
-- Dumping data for table `referees`
--

INSERT INTO `referees` (`Name`, `Birthday_Year`, `Birthday_Month`, `Birthday_Day`, `Country`, `Yellow_Cards`, `Yellow_to_Red_Cards`, `Red_Cards`) VALUES
('Jamel Haimoudi', 1970, 12, 10, 2, '12', '-', '-'),
('Ravshan Irmatov', 1977, 8, 9, 202, '14', '-', '1'),
('N?stor Pitana', 1975, 6, 17, 8, '8', '-', '-'),
('Nicola Rizzoli', 1971, 10, 5, 93, '13', '-', '-'),
('C?neyt ?ak?r', 1976, 11, 23, 193, '12', '-', '-'),
('Jonas Eriksson', 1974, 3, 28, 181, '10', '-', '-'),
('Mark Geiger', 1974, 8, 25, 199, '-', '-', '-'),
('Bj?rn Kuipers', 1973, 3, 28, 133, '5', '-', '-'),
('Pedro Proen?a,1970', 11, 3, 150, 6, '-', '1', NULL),
('Sandro Ricci', 1970, 9, 28, 27, '8', '1', '-'),
('Marco Rodr?guez', 1973, 11, 10, 123, '7', '-', '1'),
('Carlos Velasco Carballo', 1971, 3, 16, 176, '8', '-', '-'),
('Ben Williams', 1977, 4, 14, 11, '13', '1', '1'),
('Joel Aguilar', 1975, 7, 2, 60, '5', '1', '-'),
('Felix Brych', 1975, 8, 3, 73, '6', '-', '1'),
('Noumandiez Doue', 1970, 9, 29, 94, '5', '-', '1'),
('Milorad Ma?i?', 1973, 3, 23, 166, '3', '-', '1'),
('Enrique Osses', 1974, 5, 26, 40, '6', '-', '-'),
('Wilmar Rold?n,1980', 1, 24, 43, 5, '-', '-', NULL),
('Nawaf Shukralla', 1976, 10, 13, 15, '7', '-', '-'),
('Carlos Velasco', 1976, 6, 25, 58, '4', '-', '-'),
('Howard Webb', 1971, 7, 14, 61, '9', '-', '-'),
('Bakary Gassama', 1979, 2, 10, 71, '2', '-', '-'),
('Yuichi Nishimura', 1972, 4, 17, 96, '4', '-', '-'),
('Peter O''Leary', 1972, 3, 3, 135, '2', '-', '-');

-- --------------------------------------------------------

--
-- Table structure for table `stadiums`
--

CREATE TABLE IF NOT EXISTS `stadiums` (
  `Staidum_ID` int(2) DEFAULT NULL,
  `Stadium_Name` varchar(30) DEFAULT NULL,
  `City` varchar(12) DEFAULT NULL,
  `Capacity` varchar(6) DEFAULT NULL,
  `Opened` int(4) DEFAULT NULL
) ENGINE=InnoDB DEFAULT CHARSET=utf8;

--
-- Dumping data for table `stadiums`
--

INSERT INTO `stadiums` (`Staidum_ID`, `Stadium_Name`, `City`, `Capacity`, `Opened`) VALUES
(1, 'Arena da Amaz?nia', 'Manaus', '40,549', 2014),
(2, 'Arena da Baixada', 'Curitiba', '39,631', 1999),
(3, 'Arena das Dunas', 'Natal', '39,971', 2014),
(4, 'Arena de S?o Paulo', 'S?o Paulo', '63,321', 2014),
(5, 'Arena Fonte Nova', 'Salvador', '51,900', 2013),
(6, 'Arena Pantanal', 'Cuiab?,"41', '112', 2014),
(7, 'Arena Pernambuco', 'Recife', '42,610', 2013),
(8, 'Est?dio Beira-Rio', 'Porto Alegre', '43,394', 1969),
(9, 'Est?dio Castel?o,Fortaleza', '60,342', '1973', NULL),
(10, 'Est?dio do Maracan?,Rio de Jan', '74,738', '1950', NULL),
(11, 'Est?dio Mineir?o,Belo Horizont', '58,170', '1965', NULL),
(12, 'Est?dio Nacional', 'Bras?lia', '69,349', 1974);

-- --------------------------------------------------------

--
-- Table structure for table `table 11`
--

CREATE TABLE IF NOT EXISTS `table 11` (
  `Staidum_ID` int(2) DEFAULT NULL,
  `Stadium_Name` varchar(30) DEFAULT NULL,
  `City` varchar(12) DEFAULT NULL,
  `Capacity` varchar(6) DEFAULT NULL,
  `Opened` int(4) DEFAULT NULL
) ENGINE=InnoDB DEFAULT CHARSET=utf8;

--
-- Dumping data for table `table 11`
--

INSERT INTO `table 11` (`Staidum_ID`, `Stadium_Name`, `City`, `Capacity`, `Opened`) VALUES
(1, 'Arena da Amaz?nia', 'Manaus', '40,549', 2014),
(2, 'Arena da Baixada', 'Curitiba', '39,631', 1999),
(3, 'Arena das Dunas', 'Natal', '39,971', 2014),
(4, 'Arena de S?o Paulo', 'S?o Paulo', '63,321', 2014),
(5, 'Arena Fonte Nova', 'Salvador', '51,900', 2013),
(6, 'Arena Pantanal', 'Cuiab?,"41', '112', 2014),
(7, 'Arena Pernambuco', 'Recife', '42,610', 2013),
(8, 'Est?dio Beira-Rio', 'Porto Alegre', '43,394', 1969),
(9, 'Est?dio Castel?o,Fortaleza', '60,342', '1973', NULL),
(10, 'Est?dio do Maracan?,Rio de Jan', '74,738', '1950', NULL),
(11, 'Est?dio Mineir?o,Belo Horizont', '58,170', '1965', NULL),
(12, 'Est?dio Nacional', 'Bras?lia', '69,349', 1974);

/*!40101 SET CHARACTER_SET_CLIENT=@OLD_CHARACTER_SET_CLIENT */;
/*!40101 SET CHARACTER_SET_RESULTS=@OLD_CHARACTER_SET_RESULTS */;
/*!40101 SET COLLATION_CONNECTION=@OLD_COLLATION_CONNECTION */;
